/*
Navicat MySQL Data Transfer

Source Server         : Home
Source Server Version : 50505
Source Host           : localhost:3306
Source Database       : essentialmode

Target Server Type    : MYSQL
Target Server Version : 50505
File Encoding         : 65001

Date: 2019-08-15 16:27:53
*/

SET FOREIGN_KEY_CHECKS=0;

-- ----------------------------
-- Table structure for `addon_account`
-- ----------------------------
DROP TABLE IF EXISTS `addon_account`;
CREATE TABLE `addon_account` (
  `name` varchar(60) NOT NULL,
  `label` varchar(100) NOT NULL,
  `shared` int(11) NOT NULL,
  PRIMARY KEY (`name`)
) ENGINE=InnoDB DEFAULT CHARSET=latin1;

-- ----------------------------
-- Records of addon_account
-- ----------------------------
INSERT INTO `addon_account` VALUES ('bank_savings', 'Livret Bleu', '0');
INSERT INTO `addon_account` VALUES ('property_black_money', 'Argent Sale Propriété', '0');
INSERT INTO `addon_account` VALUES ('society_ambulance', 'Ambulance', '1');
INSERT INTO `addon_account` VALUES ('society_banker', 'Banque', '1');
INSERT INTO `addon_account` VALUES ('society_cardealer', 'Concessionnaire', '1');
INSERT INTO `addon_account` VALUES ('society_mechanic', 'Mécano', '1');
INSERT INTO `addon_account` VALUES ('society_police', 'Police', '1');
INSERT INTO `addon_account` VALUES ('society_realestateagent', 'Agent immobilier', '1');
INSERT INTO `addon_account` VALUES ('society_taxi', 'Taxi', '1');

-- ----------------------------
-- Table structure for `addon_account_data`
-- ----------------------------
DROP TABLE IF EXISTS `addon_account_data`;
CREATE TABLE `addon_account_data` (
  `id` int(11) NOT NULL AUTO_INCREMENT,
  `account_name` varchar(100) DEFAULT NULL,
  `money` int(11) NOT NULL,
  `owner` varchar(100) DEFAULT NULL,
  PRIMARY KEY (`id`),
  UNIQUE KEY `index_addon_account_data_account_name_owner` (`account_name`,`owner`),
  KEY `index_addon_account_data_account_name` (`account_name`)
) ENGINE=InnoDB AUTO_INCREMENT=10 DEFAULT CHARSET=latin1;

-- ----------------------------
-- Records of addon_account_data
-- ----------------------------
INSERT INTO `addon_account_data` VALUES ('1', 'society_ambulance', '0', null);
INSERT INTO `addon_account_data` VALUES ('2', 'society_banker', '0', null);
INSERT INTO `addon_account_data` VALUES ('3', 'society_cardealer', '0', null);
INSERT INTO `addon_account_data` VALUES ('4', 'society_mechanic', '0', null);
INSERT INTO `addon_account_data` VALUES ('5', 'society_police', '0', null);
INSERT INTO `addon_account_data` VALUES ('6', 'society_realestateagent', '0', null);
INSERT INTO `addon_account_data` VALUES ('7', 'society_taxi', '0', null);
INSERT INTO `addon_account_data` VALUES ('8', 'bank_savings', '0', 'steam:110000108655305');
INSERT INTO `addon_account_data` VALUES ('9', 'property_black_money', '0', 'steam:110000108655305');

-- ----------------------------
-- Table structure for `addon_inventory`
-- ----------------------------
DROP TABLE IF EXISTS `addon_inventory`;
CREATE TABLE `addon_inventory` (
  `name` varchar(60) NOT NULL,
  `label` varchar(100) NOT NULL,
  `shared` int(11) NOT NULL,
  PRIMARY KEY (`name`)
) ENGINE=InnoDB DEFAULT CHARSET=latin1;

-- ----------------------------
-- Records of addon_inventory
-- ----------------------------
INSERT INTO `addon_inventory` VALUES ('property', 'Propriété', '0');
INSERT INTO `addon_inventory` VALUES ('society_ambulance', 'Ambulance', '1');
INSERT INTO `addon_inventory` VALUES ('society_cardealer', 'Concesionnaire', '1');
INSERT INTO `addon_inventory` VALUES ('society_mechanic', 'Mécano', '1');
INSERT INTO `addon_inventory` VALUES ('society_police', 'Police', '1');
INSERT INTO `addon_inventory` VALUES ('society_taxi', 'Taxi', '1');

-- ----------------------------
-- Table structure for `addon_inventory_items`
-- ----------------------------
DROP TABLE IF EXISTS `addon_inventory_items`;
CREATE TABLE `addon_inventory_items` (
  `id` int(11) NOT NULL AUTO_INCREMENT,
  `inventory_name` varchar(100) NOT NULL,
  `name` varchar(100) NOT NULL,
  `count` int(11) NOT NULL,
  `owner` varchar(60) DEFAULT NULL,
  PRIMARY KEY (`id`),
  KEY `index_addon_inventory_items_inventory_name_name` (`inventory_name`,`name`),
  KEY `index_addon_inventory_items_inventory_name_name_owner` (`inventory_name`,`name`,`owner`),
  KEY `index_addon_inventory_inventory_name` (`inventory_name`)
) ENGINE=InnoDB DEFAULT CHARSET=latin1;

-- ----------------------------
-- Records of addon_inventory_items
-- ----------------------------

-- ----------------------------
-- Table structure for `billing`
-- ----------------------------
DROP TABLE IF EXISTS `billing`;
CREATE TABLE `billing` (
  `id` int(11) NOT NULL AUTO_INCREMENT,
  `identifier` varchar(255) NOT NULL,
  `sender` varchar(255) NOT NULL,
  `target_type` varchar(50) NOT NULL,
  `target` varchar(255) NOT NULL,
  `label` varchar(255) NOT NULL,
  `amount` int(11) NOT NULL,
  PRIMARY KEY (`id`)
) ENGINE=InnoDB DEFAULT CHARSET=latin1;

-- ----------------------------
-- Records of billing
-- ----------------------------

-- ----------------------------
-- Table structure for `cardealer_vehicles`
-- ----------------------------
DROP TABLE IF EXISTS `cardealer_vehicles`;
CREATE TABLE `cardealer_vehicles` (
  `id` int(11) NOT NULL AUTO_INCREMENT,
  `vehicle` varchar(255) NOT NULL,
  `price` int(11) NOT NULL,
  PRIMARY KEY (`id`)
) ENGINE=InnoDB DEFAULT CHARSET=latin1;

-- ----------------------------
-- Records of cardealer_vehicles
-- ----------------------------

-- ----------------------------
-- Table structure for `characters`
-- ----------------------------
DROP TABLE IF EXISTS `characters`;
CREATE TABLE `characters` (
  `id` int(11) NOT NULL AUTO_INCREMENT,
  `identifier` varchar(255) NOT NULL,
  `firstname` varchar(255) NOT NULL,
  `lastname` varchar(255) NOT NULL,
  `dateofbirth` varchar(255) NOT NULL,
  `sex` varchar(1) NOT NULL DEFAULT 'M',
  `height` varchar(128) NOT NULL,
  PRIMARY KEY (`id`)
) ENGINE=InnoDB AUTO_INCREMENT=2 DEFAULT CHARSET=latin1;

-- ----------------------------
-- Records of characters
-- ----------------------------
INSERT INTO `characters` VALUES ('1', 'steam:110000108655305', 'Hector', 'Araytha', '11/11/1991', 'm', '150');

-- ----------------------------
-- Table structure for `datastore`
-- ----------------------------
DROP TABLE IF EXISTS `datastore`;
CREATE TABLE `datastore` (
  `name` varchar(60) NOT NULL,
  `label` varchar(100) NOT NULL,
  `shared` int(11) NOT NULL,
  PRIMARY KEY (`name`)
) ENGINE=InnoDB DEFAULT CHARSET=latin1;

-- ----------------------------
-- Records of datastore
-- ----------------------------
INSERT INTO `datastore` VALUES ('property', 'Propriété', '0');
INSERT INTO `datastore` VALUES ('society_ambulance', 'Ambulance', '1');
INSERT INTO `datastore` VALUES ('society_police', 'Police', '1');
INSERT INTO `datastore` VALUES ('society_taxi', 'Taxi', '1');

-- ----------------------------
-- Table structure for `datastore_data`
-- ----------------------------
DROP TABLE IF EXISTS `datastore_data`;
CREATE TABLE `datastore_data` (
  `id` int(11) NOT NULL AUTO_INCREMENT,
  `name` varchar(60) NOT NULL,
  `owner` varchar(60) DEFAULT NULL,
  `data` longtext,
  PRIMARY KEY (`id`),
  UNIQUE KEY `index_datastore_data_name_owner` (`name`,`owner`),
  KEY `index_datastore_data_name` (`name`)
) ENGINE=InnoDB AUTO_INCREMENT=5 DEFAULT CHARSET=latin1;

-- ----------------------------
-- Records of datastore_data
-- ----------------------------
INSERT INTO `datastore_data` VALUES ('1', 'society_ambulance', null, '{}');
INSERT INTO `datastore_data` VALUES ('2', 'society_police', null, '{}');
INSERT INTO `datastore_data` VALUES ('3', 'society_taxi', null, '{}');
INSERT INTO `datastore_data` VALUES ('4', 'property', 'steam:110000108655305', '{}');

-- ----------------------------
-- Table structure for `fine_types`
-- ----------------------------
DROP TABLE IF EXISTS `fine_types`;
CREATE TABLE `fine_types` (
  `id` int(11) NOT NULL AUTO_INCREMENT,
  `label` varchar(255) DEFAULT NULL,
  `amount` int(11) DEFAULT NULL,
  `category` int(11) DEFAULT NULL,
  PRIMARY KEY (`id`)
) ENGINE=InnoDB AUTO_INCREMENT=53 DEFAULT CHARSET=latin1;

-- ----------------------------
-- Records of fine_types
-- ----------------------------
INSERT INTO `fine_types` VALUES ('1', 'Usage abusif du klaxon', '30', '0');
INSERT INTO `fine_types` VALUES ('2', 'Franchir une ligne continue', '40', '0');
INSERT INTO `fine_types` VALUES ('3', 'Circulation à contresens', '250', '0');
INSERT INTO `fine_types` VALUES ('4', 'Demi-tour non autorisé', '250', '0');
INSERT INTO `fine_types` VALUES ('5', 'Circulation hors-route', '170', '0');
INSERT INTO `fine_types` VALUES ('6', 'Non-respect des distances de sécurité', '30', '0');
INSERT INTO `fine_types` VALUES ('7', 'Arrêt dangereux / interdit', '150', '0');
INSERT INTO `fine_types` VALUES ('8', 'Stationnement gênant / interdit', '70', '0');
INSERT INTO `fine_types` VALUES ('9', 'Non respect  de la priorité à droite', '70', '0');
INSERT INTO `fine_types` VALUES ('10', 'Non-respect à un véhicule prioritaire', '90', '0');
INSERT INTO `fine_types` VALUES ('11', 'Non-respect d\'un stop', '105', '0');
INSERT INTO `fine_types` VALUES ('12', 'Non-respect d\'un feu rouge', '130', '0');
INSERT INTO `fine_types` VALUES ('13', 'Dépassement dangereux', '100', '0');
INSERT INTO `fine_types` VALUES ('14', 'Véhicule non en état', '100', '0');
INSERT INTO `fine_types` VALUES ('15', 'Conduite sans permis', '1500', '0');
INSERT INTO `fine_types` VALUES ('16', 'Délit de fuite', '800', '0');
INSERT INTO `fine_types` VALUES ('17', 'Excès de vitesse < 5 kmh', '90', '0');
INSERT INTO `fine_types` VALUES ('18', 'Excès de vitesse 5-15 kmh', '120', '0');
INSERT INTO `fine_types` VALUES ('19', 'Excès de vitesse 15-30 kmh', '180', '0');
INSERT INTO `fine_types` VALUES ('20', 'Excès de vitesse > 30 kmh', '300', '0');
INSERT INTO `fine_types` VALUES ('21', 'Entrave de la circulation', '110', '1');
INSERT INTO `fine_types` VALUES ('22', 'Dégradation de la voie publique', '90', '1');
INSERT INTO `fine_types` VALUES ('23', 'Trouble à l\'ordre publique', '90', '1');
INSERT INTO `fine_types` VALUES ('24', 'Entrave opération de police', '130', '1');
INSERT INTO `fine_types` VALUES ('25', 'Insulte envers / entre civils', '75', '1');
INSERT INTO `fine_types` VALUES ('26', 'Outrage à agent de police', '110', '1');
INSERT INTO `fine_types` VALUES ('27', 'Menace verbale ou intimidation envers civil', '90', '1');
INSERT INTO `fine_types` VALUES ('28', 'Menace verbale ou intimidation envers policier', '150', '1');
INSERT INTO `fine_types` VALUES ('29', 'Manifestation illégale', '250', '1');
INSERT INTO `fine_types` VALUES ('30', 'Tentative de corruption', '1500', '1');
INSERT INTO `fine_types` VALUES ('31', 'Arme blanche sortie en ville', '120', '2');
INSERT INTO `fine_types` VALUES ('32', 'Arme léthale sortie en ville', '300', '2');
INSERT INTO `fine_types` VALUES ('33', 'Port d\'arme non autorisé (défaut de license)', '600', '2');
INSERT INTO `fine_types` VALUES ('34', 'Port d\'arme illégal', '700', '2');
INSERT INTO `fine_types` VALUES ('35', 'Pris en flag lockpick', '300', '2');
INSERT INTO `fine_types` VALUES ('36', 'Vol de voiture', '1800', '2');
INSERT INTO `fine_types` VALUES ('37', 'Vente de drogue', '1500', '2');
INSERT INTO `fine_types` VALUES ('38', 'Fabriquation de drogue', '1500', '2');
INSERT INTO `fine_types` VALUES ('39', 'Possession de drogue', '650', '2');
INSERT INTO `fine_types` VALUES ('40', 'Prise d\'ôtage civil', '1500', '2');
INSERT INTO `fine_types` VALUES ('41', 'Prise d\'ôtage agent de l\'état', '2000', '2');
INSERT INTO `fine_types` VALUES ('42', 'Braquage particulier', '650', '2');
INSERT INTO `fine_types` VALUES ('43', 'Braquage magasin', '650', '2');
INSERT INTO `fine_types` VALUES ('44', 'Braquage de banque', '1500', '2');
INSERT INTO `fine_types` VALUES ('45', 'Tir sur civil', '2000', '3');
INSERT INTO `fine_types` VALUES ('46', 'Tir sur agent de l\'état', '2500', '3');
INSERT INTO `fine_types` VALUES ('47', 'Tentative de meurtre sur civil', '3000', '3');
INSERT INTO `fine_types` VALUES ('48', 'Tentative de meurtre sur agent de l\'état', '5000', '3');
INSERT INTO `fine_types` VALUES ('49', 'Meurtre sur civil', '10000', '3');
INSERT INTO `fine_types` VALUES ('50', 'Meurte sur agent de l\'état', '30000', '3');
INSERT INTO `fine_types` VALUES ('51', 'Meurtre involontaire', '1800', '3');
INSERT INTO `fine_types` VALUES ('52', 'Escroquerie à l\'entreprise', '2000', '2');

-- ----------------------------
-- Table structure for `items`
-- ----------------------------
DROP TABLE IF EXISTS `items`;
CREATE TABLE `items` (
  `name` varchar(50) COLLATE utf8_bin NOT NULL,
  `label` varchar(255) COLLATE utf8_bin NOT NULL,
  `limit` int(11) NOT NULL DEFAULT '-1',
  `rare` int(11) NOT NULL DEFAULT '0',
  `can_remove` int(11) NOT NULL DEFAULT '1',
  PRIMARY KEY (`name`)
) ENGINE=InnoDB DEFAULT CHARSET=utf8 COLLATE=utf8_bin;

-- ----------------------------
-- Records of items
-- ----------------------------
INSERT INTO `items` VALUES ('bandage', 'Bandage', '20', '0', '1');
INSERT INTO `items` VALUES ('blowpipe', 'Chalumeaux', '10', '0', '1');
INSERT INTO `items` VALUES ('bread', 'Bread', '5', '0', '1');
INSERT INTO `items` VALUES ('cannabis', 'Cannabis', '40', '0', '1');
INSERT INTO `items` VALUES ('carokit', 'Kit carosserie', '3', '0', '1');
INSERT INTO `items` VALUES ('carotool', 'outils carosserie', '4', '0', '1');
INSERT INTO `items` VALUES ('fixkit', 'Kit réparation', '5', '0', '1');
INSERT INTO `items` VALUES ('fixtool', 'outils réparation', '6', '0', '1');
INSERT INTO `items` VALUES ('gazbottle', 'bouteille de gaz', '11', '0', '1');
INSERT INTO `items` VALUES ('marijuana', 'Marijuana', '14', '0', '1');
INSERT INTO `items` VALUES ('medikit', 'Medikit', '5', '0', '1');
INSERT INTO `items` VALUES ('water', 'Water', '5', '0', '1');

-- ----------------------------
-- Table structure for `jobs`
-- ----------------------------
DROP TABLE IF EXISTS `jobs`;
CREATE TABLE `jobs` (
  `name` varchar(50) COLLATE utf8_bin NOT NULL,
  `label` varchar(255) COLLATE utf8_bin DEFAULT NULL,
  `whitelisted` tinyint(1) NOT NULL DEFAULT '0',
  PRIMARY KEY (`name`)
) ENGINE=InnoDB DEFAULT CHARSET=utf8 COLLATE=utf8_bin;

-- ----------------------------
-- Records of jobs
-- ----------------------------
INSERT INTO `jobs` VALUES ('ambulance', 'Ambulance', '0');
INSERT INTO `jobs` VALUES ('banker', 'Banquier', '0');
INSERT INTO `jobs` VALUES ('cardealer', 'Concessionnaire', '0');
INSERT INTO `jobs` VALUES ('mechanic', 'Mécano', '0');
INSERT INTO `jobs` VALUES ('police', 'LSPD', '0');
INSERT INTO `jobs` VALUES ('realestateagent', 'Agent immobilier', '0');
INSERT INTO `jobs` VALUES ('taxi', 'Taxi', '0');
INSERT INTO `jobs` VALUES ('unemployed', 'Unemployed', '0');

-- ----------------------------
-- Table structure for `job_grades`
-- ----------------------------
DROP TABLE IF EXISTS `job_grades`;
CREATE TABLE `job_grades` (
  `id` int(11) NOT NULL AUTO_INCREMENT,
  `job_name` varchar(255) COLLATE utf8_bin DEFAULT NULL,
  `grade` int(11) NOT NULL,
  `name` varchar(255) COLLATE utf8_bin NOT NULL,
  `label` varchar(255) COLLATE utf8_bin NOT NULL,
  `salary` int(11) NOT NULL,
  `skin_male` longtext COLLATE utf8_bin NOT NULL,
  `skin_female` longtext COLLATE utf8_bin NOT NULL,
  PRIMARY KEY (`id`)
) ENGINE=InnoDB AUTO_INCREMENT=34 DEFAULT CHARSET=utf8 COLLATE=utf8_bin;

-- ----------------------------
-- Records of job_grades
-- ----------------------------
INSERT INTO `job_grades` VALUES ('1', 'unemployed', '0', 'unemployed', 'Unemployed', '200', 0x7B7D, 0x7B7D);
INSERT INTO `job_grades` VALUES ('2', 'cardealer', '0', 'recruit', 'Recrue', '10', 0x7B7D, 0x7B7D);
INSERT INTO `job_grades` VALUES ('3', 'cardealer', '1', 'novice', 'Novice', '25', 0x7B7D, 0x7B7D);
INSERT INTO `job_grades` VALUES ('4', 'cardealer', '2', 'experienced', 'Experimente', '40', 0x7B7D, 0x7B7D);
INSERT INTO `job_grades` VALUES ('5', 'cardealer', '3', 'boss', 'Patron', '0', 0x7B7D, 0x7B7D);
INSERT INTO `job_grades` VALUES ('6', 'ambulance', '0', 'ambulance', 'Ambulancier', '20', 0x7B227473686972745F32223A302C22686169725F636F6C6F725F31223A352C22676C61737365735F32223A332C2273686F6573223A392C22746F72736F5F32223A332C22686169725F636F6C6F725F32223A302C2270616E74735F31223A32342C22676C61737365735F31223A342C22686169725F31223A322C22736578223A302C22646563616C735F32223A302C227473686972745F31223A31352C2268656C6D65745F31223A382C2268656C6D65745F32223A302C2261726D73223A39322C2266616365223A31392C22646563616C735F31223A36302C22746F72736F5F31223A31332C22686169725F32223A302C22736B696E223A33342C2270616E74735F32223A357D, 0x7B227473686972745F32223A332C22646563616C735F32223A302C22676C6173736573223A302C22686169725F31223A322C22746F72736F5F31223A37332C2273686F6573223A312C22686169725F636F6C6F725F32223A302C22676C61737365735F31223A31392C22736B696E223A31332C2266616365223A362C2270616E74735F32223A352C227473686972745F31223A37352C2270616E74735F31223A33372C2268656C6D65745F31223A35372C22746F72736F5F32223A302C2261726D73223A31342C22736578223A312C22676C61737365735F32223A302C22646563616C735F31223A302C22686169725F32223A302C2268656C6D65745F32223A302C22686169725F636F6C6F725F31223A307D);
INSERT INTO `job_grades` VALUES ('7', 'ambulance', '1', 'doctor', 'Medecin', '40', 0x7B227473686972745F32223A302C22686169725F636F6C6F725F31223A352C22676C61737365735F32223A332C2273686F6573223A392C22746F72736F5F32223A332C22686169725F636F6C6F725F32223A302C2270616E74735F31223A32342C22676C61737365735F31223A342C22686169725F31223A322C22736578223A302C22646563616C735F32223A302C227473686972745F31223A31352C2268656C6D65745F31223A382C2268656C6D65745F32223A302C2261726D73223A39322C2266616365223A31392C22646563616C735F31223A36302C22746F72736F5F31223A31332C22686169725F32223A302C22736B696E223A33342C2270616E74735F32223A357D, 0x7B227473686972745F32223A332C22646563616C735F32223A302C22676C6173736573223A302C22686169725F31223A322C22746F72736F5F31223A37332C2273686F6573223A312C22686169725F636F6C6F725F32223A302C22676C61737365735F31223A31392C22736B696E223A31332C2266616365223A362C2270616E74735F32223A352C227473686972745F31223A37352C2270616E74735F31223A33372C2268656C6D65745F31223A35372C22746F72736F5F32223A302C2261726D73223A31342C22736578223A312C22676C61737365735F32223A302C22646563616C735F31223A302C22686169725F32223A302C2268656C6D65745F32223A302C22686169725F636F6C6F725F31223A307D);
INSERT INTO `job_grades` VALUES ('8', 'ambulance', '2', 'chief_doctor', 'Medecin-chef', '60', 0x7B227473686972745F32223A302C22686169725F636F6C6F725F31223A352C22676C61737365735F32223A332C2273686F6573223A392C22746F72736F5F32223A332C22686169725F636F6C6F725F32223A302C2270616E74735F31223A32342C22676C61737365735F31223A342C22686169725F31223A322C22736578223A302C22646563616C735F32223A302C227473686972745F31223A31352C2268656C6D65745F31223A382C2268656C6D65745F32223A302C2261726D73223A39322C2266616365223A31392C22646563616C735F31223A36302C22746F72736F5F31223A31332C22686169725F32223A302C22736B696E223A33342C2270616E74735F32223A357D, 0x7B227473686972745F32223A332C22646563616C735F32223A302C22676C6173736573223A302C22686169725F31223A322C22746F72736F5F31223A37332C2273686F6573223A312C22686169725F636F6C6F725F32223A302C22676C61737365735F31223A31392C22736B696E223A31332C2266616365223A362C2270616E74735F32223A352C227473686972745F31223A37352C2270616E74735F31223A33372C2268656C6D65745F31223A35372C22746F72736F5F32223A302C2261726D73223A31342C22736578223A312C22676C61737365735F32223A302C22646563616C735F31223A302C22686169725F32223A302C2268656C6D65745F32223A302C22686169725F636F6C6F725F31223A307D);
INSERT INTO `job_grades` VALUES ('9', 'ambulance', '3', 'boss', 'Chirurgien', '80', 0x7B227473686972745F32223A302C22686169725F636F6C6F725F31223A352C22676C61737365735F32223A332C2273686F6573223A392C22746F72736F5F32223A332C22686169725F636F6C6F725F32223A302C2270616E74735F31223A32342C22676C61737365735F31223A342C22686169725F31223A322C22736578223A302C22646563616C735F32223A302C227473686972745F31223A31352C2268656C6D65745F31223A382C2268656C6D65745F32223A302C2261726D73223A39322C2266616365223A31392C22646563616C735F31223A36302C22746F72736F5F31223A31332C22686169725F32223A302C22736B696E223A33342C2270616E74735F32223A357D, 0x7B227473686972745F32223A332C22646563616C735F32223A302C22676C6173736573223A302C22686169725F31223A322C22746F72736F5F31223A37332C2273686F6573223A312C22686169725F636F6C6F725F32223A302C22676C61737365735F31223A31392C22736B696E223A31332C2266616365223A362C2270616E74735F32223A352C227473686972745F31223A37352C2270616E74735F31223A33372C2268656C6D65745F31223A35372C22746F72736F5F32223A302C2261726D73223A31342C22736578223A312C22676C61737365735F32223A302C22646563616C735F31223A302C22686169725F32223A302C2268656C6D65745F32223A302C22686169725F636F6C6F725F31223A307D);
INSERT INTO `job_grades` VALUES ('10', 'banker', '0', 'advisor', 'Conseiller', '10', 0x7B7D, 0x7B7D);
INSERT INTO `job_grades` VALUES ('11', 'banker', '1', 'banker', 'Banquier', '20', 0x7B7D, 0x7B7D);
INSERT INTO `job_grades` VALUES ('12', 'banker', '2', 'business_banker', 'Banquier d\'affaire', '30', 0x7B7D, 0x7B7D);
INSERT INTO `job_grades` VALUES ('13', 'banker', '3', 'trader', 'Trader', '40', 0x7B7D, 0x7B7D);
INSERT INTO `job_grades` VALUES ('14', 'banker', '4', 'boss', 'Patron', '0', 0x7B7D, 0x7B7D);
INSERT INTO `job_grades` VALUES ('15', 'mechanic', '0', 'recrue', 'Recrue', '12', 0x7B7D, 0x7B7D);
INSERT INTO `job_grades` VALUES ('16', 'mechanic', '1', 'novice', 'Novice', '24', 0x7B7D, 0x7B7D);
INSERT INTO `job_grades` VALUES ('17', 'mechanic', '2', 'experimente', 'Experimente', '36', 0x7B7D, 0x7B7D);
INSERT INTO `job_grades` VALUES ('18', 'mechanic', '3', 'chief', 'Chef d\'équipe', '48', 0x7B7D, 0x7B7D);
INSERT INTO `job_grades` VALUES ('19', 'mechanic', '4', 'boss', 'Patron', '0', 0x7B7D, 0x7B7D);
INSERT INTO `job_grades` VALUES ('20', 'police', '0', 'recruit', 'Recrue', '20', 0x7B7D, 0x7B7D);
INSERT INTO `job_grades` VALUES ('21', 'police', '1', 'officer', 'Officier', '40', 0x7B7D, 0x7B7D);
INSERT INTO `job_grades` VALUES ('22', 'police', '2', 'sergeant', 'Sergent', '60', 0x7B7D, 0x7B7D);
INSERT INTO `job_grades` VALUES ('23', 'police', '3', 'lieutenant', 'Lieutenant', '85', 0x7B7D, 0x7B7D);
INSERT INTO `job_grades` VALUES ('24', 'police', '4', 'boss', 'Commandant', '100', 0x7B7D, 0x7B7D);
INSERT INTO `job_grades` VALUES ('25', 'realestateagent', '0', 'location', 'Location', '10', 0x7B7D, 0x7B7D);
INSERT INTO `job_grades` VALUES ('26', 'realestateagent', '1', 'vendeur', 'Vendeur', '25', 0x7B7D, 0x7B7D);
INSERT INTO `job_grades` VALUES ('27', 'realestateagent', '2', 'gestion', 'Gestion', '40', 0x7B7D, 0x7B7D);
INSERT INTO `job_grades` VALUES ('28', 'realestateagent', '3', 'boss', 'Patron', '0', 0x7B7D, 0x7B7D);
INSERT INTO `job_grades` VALUES ('29', 'taxi', '0', 'recrue', 'Recrue', '12', 0x7B22686169725F32223A302C22686169725F636F6C6F725F32223A302C22746F72736F5F31223A33322C22626167735F31223A302C2268656C6D65745F32223A302C22636861696E5F32223A302C2265796562726F77735F33223A302C226D616B6575705F33223A302C226D616B6575705F32223A302C227473686972745F31223A33312C226D616B6575705F31223A302C22626167735F32223A302C226D616B6575705F34223A302C2265796562726F77735F34223A302C22636861696E5F31223A302C226C6970737469636B5F34223A302C226270726F6F665F32223A302C22686169725F636F6C6F725F31223A302C22646563616C735F32223A302C2270616E74735F32223A302C226167655F32223A302C22676C61737365735F32223A302C22656172735F32223A302C2261726D73223A32372C226C6970737469636B5F31223A302C22656172735F31223A2D312C226D61736B5F32223A302C22736578223A302C226C6970737469636B5F33223A302C2268656C6D65745F31223A2D312C2273686F65735F32223A302C2262656172645F32223A302C2262656172645F31223A302C226C6970737469636B5F32223A302C2262656172645F34223A302C22676C61737365735F31223A302C226270726F6F665F31223A302C226D61736B5F31223A302C22646563616C735F31223A312C22686169725F31223A302C2265796562726F77735F32223A302C2262656172645F33223A302C226167655F31223A302C227473686972745F32223A302C22736B696E223A302C22746F72736F5F32223A302C2265796562726F77735F31223A302C2266616365223A302C2273686F65735F31223A31302C2270616E74735F31223A32347D, 0x7B22686169725F32223A302C22686169725F636F6C6F725F32223A302C22746F72736F5F31223A35372C22626167735F31223A302C2268656C6D65745F32223A302C22636861696E5F32223A302C2265796562726F77735F33223A302C226D616B6575705F33223A302C226D616B6575705F32223A302C227473686972745F31223A33382C226D616B6575705F31223A302C22626167735F32223A302C226D616B6575705F34223A302C2265796562726F77735F34223A302C22636861696E5F31223A302C226C6970737469636B5F34223A302C226270726F6F665F32223A302C22686169725F636F6C6F725F31223A302C22646563616C735F32223A302C2270616E74735F32223A312C226167655F32223A302C22676C61737365735F32223A302C22656172735F32223A302C2261726D73223A32312C226C6970737469636B5F31223A302C22656172735F31223A2D312C226D61736B5F32223A302C22736578223A312C226C6970737469636B5F33223A302C2268656C6D65745F31223A2D312C2273686F65735F32223A302C2262656172645F32223A302C2262656172645F31223A302C226C6970737469636B5F32223A302C2262656172645F34223A302C22676C61737365735F31223A352C226270726F6F665F31223A302C226D61736B5F31223A302C22646563616C735F31223A312C22686169725F31223A302C2265796562726F77735F32223A302C2262656172645F33223A302C226167655F31223A302C227473686972745F32223A302C22736B696E223A302C22746F72736F5F32223A302C2265796562726F77735F31223A302C2266616365223A302C2273686F65735F31223A34392C2270616E74735F31223A31317D);
INSERT INTO `job_grades` VALUES ('30', 'taxi', '1', 'novice', 'Novice', '24', 0x7B22686169725F32223A302C22686169725F636F6C6F725F32223A302C22746F72736F5F31223A33322C22626167735F31223A302C2268656C6D65745F32223A302C22636861696E5F32223A302C2265796562726F77735F33223A302C226D616B6575705F33223A302C226D616B6575705F32223A302C227473686972745F31223A33312C226D616B6575705F31223A302C22626167735F32223A302C226D616B6575705F34223A302C2265796562726F77735F34223A302C22636861696E5F31223A302C226C6970737469636B5F34223A302C226270726F6F665F32223A302C22686169725F636F6C6F725F31223A302C22646563616C735F32223A302C2270616E74735F32223A302C226167655F32223A302C22676C61737365735F32223A302C22656172735F32223A302C2261726D73223A32372C226C6970737469636B5F31223A302C22656172735F31223A2D312C226D61736B5F32223A302C22736578223A302C226C6970737469636B5F33223A302C2268656C6D65745F31223A2D312C2273686F65735F32223A302C2262656172645F32223A302C2262656172645F31223A302C226C6970737469636B5F32223A302C2262656172645F34223A302C22676C61737365735F31223A302C226270726F6F665F31223A302C226D61736B5F31223A302C22646563616C735F31223A312C22686169725F31223A302C2265796562726F77735F32223A302C2262656172645F33223A302C226167655F31223A302C227473686972745F32223A302C22736B696E223A302C22746F72736F5F32223A302C2265796562726F77735F31223A302C2266616365223A302C2273686F65735F31223A31302C2270616E74735F31223A32347D, 0x7B22686169725F32223A302C22686169725F636F6C6F725F32223A302C22746F72736F5F31223A35372C22626167735F31223A302C2268656C6D65745F32223A302C22636861696E5F32223A302C2265796562726F77735F33223A302C226D616B6575705F33223A302C226D616B6575705F32223A302C227473686972745F31223A33382C226D616B6575705F31223A302C22626167735F32223A302C226D616B6575705F34223A302C2265796562726F77735F34223A302C22636861696E5F31223A302C226C6970737469636B5F34223A302C226270726F6F665F32223A302C22686169725F636F6C6F725F31223A302C22646563616C735F32223A302C2270616E74735F32223A312C226167655F32223A302C22676C61737365735F32223A302C22656172735F32223A302C2261726D73223A32312C226C6970737469636B5F31223A302C22656172735F31223A2D312C226D61736B5F32223A302C22736578223A312C226C6970737469636B5F33223A302C2268656C6D65745F31223A2D312C2273686F65735F32223A302C2262656172645F32223A302C2262656172645F31223A302C226C6970737469636B5F32223A302C2262656172645F34223A302C22676C61737365735F31223A352C226270726F6F665F31223A302C226D61736B5F31223A302C22646563616C735F31223A312C22686169725F31223A302C2265796562726F77735F32223A302C2262656172645F33223A302C226167655F31223A302C227473686972745F32223A302C22736B696E223A302C22746F72736F5F32223A302C2265796562726F77735F31223A302C2266616365223A302C2273686F65735F31223A34392C2270616E74735F31223A31317D);
INSERT INTO `job_grades` VALUES ('31', 'taxi', '2', 'experimente', 'Experimente', '36', 0x7B22686169725F32223A302C22686169725F636F6C6F725F32223A302C22746F72736F5F31223A32362C22626167735F31223A302C2268656C6D65745F32223A302C22636861696E5F32223A302C2265796562726F77735F33223A302C226D616B6575705F33223A302C226D616B6575705F32223A302C227473686972745F31223A35372C226D616B6575705F31223A302C22626167735F32223A302C226D616B6575705F34223A302C2265796562726F77735F34223A302C22636861696E5F31223A302C226C6970737469636B5F34223A302C226270726F6F665F32223A302C22686169725F636F6C6F725F31223A302C22646563616C735F32223A302C2270616E74735F32223A342C226167655F32223A302C22676C61737365735F32223A302C22656172735F32223A302C2261726D73223A31312C226C6970737469636B5F31223A302C22656172735F31223A2D312C226D61736B5F32223A302C22736578223A302C226C6970737469636B5F33223A302C2268656C6D65745F31223A2D312C2273686F65735F32223A302C2262656172645F32223A302C2262656172645F31223A302C226C6970737469636B5F32223A302C2262656172645F34223A302C22676C61737365735F31223A302C226270726F6F665F31223A302C226D61736B5F31223A302C22646563616C735F31223A302C22686169725F31223A302C2265796562726F77735F32223A302C2262656172645F33223A302C226167655F31223A302C227473686972745F32223A302C22736B696E223A302C22746F72736F5F32223A302C2265796562726F77735F31223A302C2266616365223A302C2273686F65735F31223A31302C2270616E74735F31223A32347D, 0x7B22686169725F32223A302C22686169725F636F6C6F725F32223A302C22746F72736F5F31223A35372C22626167735F31223A302C2268656C6D65745F32223A302C22636861696E5F32223A302C2265796562726F77735F33223A302C226D616B6575705F33223A302C226D616B6575705F32223A302C227473686972745F31223A33382C226D616B6575705F31223A302C22626167735F32223A302C226D616B6575705F34223A302C2265796562726F77735F34223A302C22636861696E5F31223A302C226C6970737469636B5F34223A302C226270726F6F665F32223A302C22686169725F636F6C6F725F31223A302C22646563616C735F32223A302C2270616E74735F32223A312C226167655F32223A302C22676C61737365735F32223A302C22656172735F32223A302C2261726D73223A32312C226C6970737469636B5F31223A302C22656172735F31223A2D312C226D61736B5F32223A302C22736578223A312C226C6970737469636B5F33223A302C2268656C6D65745F31223A2D312C2273686F65735F32223A302C2262656172645F32223A302C2262656172645F31223A302C226C6970737469636B5F32223A302C2262656172645F34223A302C22676C61737365735F31223A352C226270726F6F665F31223A302C226D61736B5F31223A302C22646563616C735F31223A312C22686169725F31223A302C2265796562726F77735F32223A302C2262656172645F33223A302C226167655F31223A302C227473686972745F32223A302C22736B696E223A302C22746F72736F5F32223A302C2265796562726F77735F31223A302C2266616365223A302C2273686F65735F31223A34392C2270616E74735F31223A31317D);
INSERT INTO `job_grades` VALUES ('32', 'taxi', '3', 'uber', 'Uber', '48', 0x7B22686169725F32223A302C22686169725F636F6C6F725F32223A302C22746F72736F5F31223A32362C22626167735F31223A302C2268656C6D65745F32223A302C22636861696E5F32223A302C2265796562726F77735F33223A302C226D616B6575705F33223A302C226D616B6575705F32223A302C227473686972745F31223A35372C226D616B6575705F31223A302C22626167735F32223A302C226D616B6575705F34223A302C2265796562726F77735F34223A302C22636861696E5F31223A302C226C6970737469636B5F34223A302C226270726F6F665F32223A302C22686169725F636F6C6F725F31223A302C22646563616C735F32223A302C2270616E74735F32223A342C226167655F32223A302C22676C61737365735F32223A302C22656172735F32223A302C2261726D73223A31312C226C6970737469636B5F31223A302C22656172735F31223A2D312C226D61736B5F32223A302C22736578223A302C226C6970737469636B5F33223A302C2268656C6D65745F31223A2D312C2273686F65735F32223A302C2262656172645F32223A302C2262656172645F31223A302C226C6970737469636B5F32223A302C2262656172645F34223A302C22676C61737365735F31223A302C226270726F6F665F31223A302C226D61736B5F31223A302C22646563616C735F31223A302C22686169725F31223A302C2265796562726F77735F32223A302C2262656172645F33223A302C226167655F31223A302C227473686972745F32223A302C22736B696E223A302C22746F72736F5F32223A302C2265796562726F77735F31223A302C2266616365223A302C2273686F65735F31223A31302C2270616E74735F31223A32347D, 0x7B22686169725F32223A302C22686169725F636F6C6F725F32223A302C22746F72736F5F31223A35372C22626167735F31223A302C2268656C6D65745F32223A302C22636861696E5F32223A302C2265796562726F77735F33223A302C226D616B6575705F33223A302C226D616B6575705F32223A302C227473686972745F31223A33382C226D616B6575705F31223A302C22626167735F32223A302C226D616B6575705F34223A302C2265796562726F77735F34223A302C22636861696E5F31223A302C226C6970737469636B5F34223A302C226270726F6F665F32223A302C22686169725F636F6C6F725F31223A302C22646563616C735F32223A302C2270616E74735F32223A312C226167655F32223A302C22676C61737365735F32223A302C22656172735F32223A302C2261726D73223A32312C226C6970737469636B5F31223A302C22656172735F31223A2D312C226D61736B5F32223A302C22736578223A312C226C6970737469636B5F33223A302C2268656C6D65745F31223A2D312C2273686F65735F32223A302C2262656172645F32223A302C2262656172645F31223A302C226C6970737469636B5F32223A302C2262656172645F34223A302C22676C61737365735F31223A352C226270726F6F665F31223A302C226D61736B5F31223A302C22646563616C735F31223A312C22686169725F31223A302C2265796562726F77735F32223A302C2262656172645F33223A302C226167655F31223A302C227473686972745F32223A302C22736B696E223A302C22746F72736F5F32223A302C2265796562726F77735F31223A302C2266616365223A302C2273686F65735F31223A34392C2270616E74735F31223A31317D);
INSERT INTO `job_grades` VALUES ('33', 'taxi', '4', 'boss', 'Patron', '0', 0x7B22686169725F32223A302C22686169725F636F6C6F725F32223A302C22746F72736F5F31223A32392C22626167735F31223A302C2268656C6D65745F32223A302C22636861696E5F32223A302C2265796562726F77735F33223A302C226D616B6575705F33223A302C226D616B6575705F32223A302C227473686972745F31223A33312C226D616B6575705F31223A302C22626167735F32223A302C226D616B6575705F34223A302C2265796562726F77735F34223A302C22636861696E5F31223A302C226C6970737469636B5F34223A302C226270726F6F665F32223A302C22686169725F636F6C6F725F31223A302C22646563616C735F32223A302C2270616E74735F32223A342C226167655F32223A302C22676C61737365735F32223A302C22656172735F32223A302C2261726D73223A312C226C6970737469636B5F31223A302C22656172735F31223A2D312C226D61736B5F32223A302C22736578223A302C226C6970737469636B5F33223A302C2268656C6D65745F31223A2D312C2273686F65735F32223A302C2262656172645F32223A302C2262656172645F31223A302C226C6970737469636B5F32223A302C2262656172645F34223A302C22676C61737365735F31223A302C226270726F6F665F31223A302C226D61736B5F31223A302C22646563616C735F31223A302C22686169725F31223A302C2265796562726F77735F32223A302C2262656172645F33223A302C226167655F31223A302C227473686972745F32223A302C22736B696E223A302C22746F72736F5F32223A342C2265796562726F77735F31223A302C2266616365223A302C2273686F65735F31223A31302C2270616E74735F31223A32347D, 0x7B22686169725F32223A302C22686169725F636F6C6F725F32223A302C22746F72736F5F31223A35372C22626167735F31223A302C2268656C6D65745F32223A302C22636861696E5F32223A302C2265796562726F77735F33223A302C226D616B6575705F33223A302C226D616B6575705F32223A302C227473686972745F31223A33382C226D616B6575705F31223A302C22626167735F32223A302C226D616B6575705F34223A302C2265796562726F77735F34223A302C22636861696E5F31223A302C226C6970737469636B5F34223A302C226270726F6F665F32223A302C22686169725F636F6C6F725F31223A302C22646563616C735F32223A302C2270616E74735F32223A312C226167655F32223A302C22676C61737365735F32223A302C22656172735F32223A302C2261726D73223A32312C226C6970737469636B5F31223A302C22656172735F31223A2D312C226D61736B5F32223A302C22736578223A312C226C6970737469636B5F33223A302C2268656C6D65745F31223A2D312C2273686F65735F32223A302C2262656172645F32223A302C2262656172645F31223A302C226C6970737469636B5F32223A302C2262656172645F34223A302C22676C61737365735F31223A352C226270726F6F665F31223A302C226D61736B5F31223A302C22646563616C735F31223A312C22686169725F31223A302C2265796562726F77735F32223A302C2262656172645F33223A302C226167655F31223A302C227473686972745F32223A302C22736B696E223A302C22746F72736F5F32223A302C2265796562726F77735F31223A302C2266616365223A302C2273686F65735F31223A34392C2270616E74735F31223A31317D);

-- ----------------------------
-- Table structure for `licenses`
-- ----------------------------
DROP TABLE IF EXISTS `licenses`;
CREATE TABLE `licenses` (
  `type` varchar(60) NOT NULL,
  `label` varchar(60) NOT NULL,
  PRIMARY KEY (`type`)
) ENGINE=InnoDB DEFAULT CHARSET=latin1;

-- ----------------------------
-- Records of licenses
-- ----------------------------
INSERT INTO `licenses` VALUES ('weed_processing', 'Weed Processing License');

-- ----------------------------
-- Table structure for `owned_properties`
-- ----------------------------
DROP TABLE IF EXISTS `owned_properties`;
CREATE TABLE `owned_properties` (
  `id` int(11) NOT NULL AUTO_INCREMENT,
  `name` varchar(255) NOT NULL,
  `price` double NOT NULL,
  `rented` int(11) NOT NULL,
  `owner` varchar(60) NOT NULL,
  PRIMARY KEY (`id`)
) ENGINE=InnoDB DEFAULT CHARSET=latin1;

-- ----------------------------
-- Records of owned_properties
-- ----------------------------

-- ----------------------------
-- Table structure for `owned_vehicles`
-- ----------------------------
DROP TABLE IF EXISTS `owned_vehicles`;
CREATE TABLE `owned_vehicles` (
  `owner` varchar(22) NOT NULL,
  `plate` varchar(12) NOT NULL,
  `vehicle` longtext,
  `type` varchar(20) NOT NULL DEFAULT 'car',
  `job` varchar(20) DEFAULT NULL,
  `stored` tinyint(1) NOT NULL DEFAULT '0',
  PRIMARY KEY (`plate`)
) ENGINE=InnoDB DEFAULT CHARSET=latin1;

-- ----------------------------
-- Records of owned_vehicles
-- ----------------------------

-- ----------------------------
-- Table structure for `properties`
-- ----------------------------
DROP TABLE IF EXISTS `properties`;
CREATE TABLE `properties` (
  `id` int(11) NOT NULL AUTO_INCREMENT,
  `name` varchar(255) DEFAULT NULL,
  `label` varchar(255) DEFAULT NULL,
  `entering` varchar(255) DEFAULT NULL,
  `exit` varchar(255) DEFAULT NULL,
  `inside` varchar(255) DEFAULT NULL,
  `outside` varchar(255) DEFAULT NULL,
  `ipls` varchar(255) DEFAULT '[]',
  `gateway` varchar(255) DEFAULT NULL,
  `is_single` int(11) DEFAULT NULL,
  `is_room` int(11) DEFAULT NULL,
  `is_gateway` int(11) DEFAULT NULL,
  `room_menu` varchar(255) DEFAULT NULL,
  `price` int(11) NOT NULL,
  PRIMARY KEY (`id`)
) ENGINE=InnoDB AUTO_INCREMENT=73 DEFAULT CHARSET=latin1;

-- ----------------------------
-- Records of properties
-- ----------------------------
INSERT INTO `properties` VALUES ('1', 'WhispymoundDrive', '2677 Whispymound Drive', '{\"y\":564.89,\"z\":182.959,\"x\":119.384}', '{\"x\":117.347,\"y\":559.506,\"z\":183.304}', '{\"y\":557.032,\"z\":183.301,\"x\":118.037}', '{\"y\":567.798,\"z\":182.131,\"x\":119.249}', '[]', null, '1', '1', '0', '{\"x\":118.748,\"y\":566.573,\"z\":175.697}', '1500000');
INSERT INTO `properties` VALUES ('2', 'NorthConkerAvenue2045', '2045 North Conker Avenue', '{\"x\":372.796,\"y\":428.327,\"z\":144.685}', '{\"x\":373.548,\"y\":422.982,\"z\":144.907},', '{\"y\":420.075,\"z\":145.904,\"x\":372.161}', '{\"x\":372.454,\"y\":432.886,\"z\":143.443}', '[]', null, '1', '1', '0', '{\"x\":377.349,\"y\":429.422,\"z\":137.3}', '1500000');
INSERT INTO `properties` VALUES ('3', 'RichardMajesticApt2', 'Richard Majestic, Apt 2', '{\"y\":-379.165,\"z\":37.961,\"x\":-936.363}', '{\"y\":-365.476,\"z\":113.274,\"x\":-913.097}', '{\"y\":-367.637,\"z\":113.274,\"x\":-918.022}', '{\"y\":-382.023,\"z\":37.961,\"x\":-943.626}', '[]', null, '1', '1', '0', '{\"x\":-927.554,\"y\":-377.744,\"z\":112.674}', '1700000');
INSERT INTO `properties` VALUES ('4', 'NorthConkerAvenue2044', '2044 North Conker Avenue', '{\"y\":440.8,\"z\":146.702,\"x\":346.964}', '{\"y\":437.456,\"z\":148.394,\"x\":341.683}', '{\"y\":435.626,\"z\":148.394,\"x\":339.595}', '{\"x\":350.535,\"y\":443.329,\"z\":145.764}', '[]', null, '1', '1', '0', '{\"x\":337.726,\"y\":436.985,\"z\":140.77}', '1500000');
INSERT INTO `properties` VALUES ('5', 'WildOatsDrive', '3655 Wild Oats Drive', '{\"y\":502.696,\"z\":136.421,\"x\":-176.003}', '{\"y\":497.817,\"z\":136.653,\"x\":-174.349}', '{\"y\":495.069,\"z\":136.666,\"x\":-173.331}', '{\"y\":506.412,\"z\":135.0664,\"x\":-177.927}', '[]', null, '1', '1', '0', '{\"x\":-174.725,\"y\":493.095,\"z\":129.043}', '1500000');
INSERT INTO `properties` VALUES ('6', 'HillcrestAvenue2862', '2862 Hillcrest Avenue', '{\"y\":596.58,\"z\":142.641,\"x\":-686.554}', '{\"y\":591.988,\"z\":144.392,\"x\":-681.728}', '{\"y\":590.608,\"z\":144.392,\"x\":-680.124}', '{\"y\":599.019,\"z\":142.059,\"x\":-689.492}', '[]', null, '1', '1', '0', '{\"x\":-680.46,\"y\":588.6,\"z\":136.769}', '1500000');
INSERT INTO `properties` VALUES ('7', 'LowEndApartment', 'Appartement de base', '{\"y\":-1078.735,\"z\":28.4031,\"x\":292.528}', '{\"y\":-1007.152,\"z\":-102.002,\"x\":265.845}', '{\"y\":-1002.802,\"z\":-100.008,\"x\":265.307}', '{\"y\":-1078.669,\"z\":28.401,\"x\":296.738}', '[]', null, '1', '1', '0', '{\"x\":265.916,\"y\":-999.38,\"z\":-100.008}', '562500');
INSERT INTO `properties` VALUES ('8', 'MadWayneThunder', '2113 Mad Wayne Thunder', '{\"y\":454.955,\"z\":96.462,\"x\":-1294.433}', '{\"x\":-1289.917,\"y\":449.541,\"z\":96.902}', '{\"y\":446.322,\"z\":96.899,\"x\":-1289.642}', '{\"y\":455.453,\"z\":96.517,\"x\":-1298.851}', '[]', null, '1', '1', '0', '{\"x\":-1287.306,\"y\":455.901,\"z\":89.294}', '1500000');
INSERT INTO `properties` VALUES ('9', 'HillcrestAvenue2874', '2874 Hillcrest Avenue', '{\"x\":-853.346,\"y\":696.678,\"z\":147.782}', '{\"y\":690.875,\"z\":151.86,\"x\":-859.961}', '{\"y\":688.361,\"z\":151.857,\"x\":-859.395}', '{\"y\":701.628,\"z\":147.773,\"x\":-855.007}', '[]', null, '1', '1', '0', '{\"x\":-858.543,\"y\":697.514,\"z\":144.253}', '1500000');
INSERT INTO `properties` VALUES ('10', 'HillcrestAvenue2868', '2868 Hillcrest Avenue', '{\"y\":620.494,\"z\":141.588,\"x\":-752.82}', '{\"y\":618.62,\"z\":143.153,\"x\":-759.317}', '{\"y\":617.629,\"z\":143.153,\"x\":-760.789}', '{\"y\":621.281,\"z\":141.254,\"x\":-750.919}', '[]', null, '1', '1', '0', '{\"x\":-762.504,\"y\":618.992,\"z\":135.53}', '1500000');
INSERT INTO `properties` VALUES ('11', 'TinselTowersApt12', 'Tinsel Towers, Apt 42', '{\"y\":37.025,\"z\":42.58,\"x\":-618.299}', '{\"y\":58.898,\"z\":97.2,\"x\":-603.301}', '{\"y\":58.941,\"z\":97.2,\"x\":-608.741}', '{\"y\":30.603,\"z\":42.524,\"x\":-620.017}', '[]', null, '1', '1', '0', '{\"x\":-622.173,\"y\":54.585,\"z\":96.599}', '1700000');
INSERT INTO `properties` VALUES ('12', 'MiltonDrive', 'Milton Drive', '{\"x\":-775.17,\"y\":312.01,\"z\":84.658}', null, null, '{\"x\":-775.346,\"y\":306.776,\"z\":84.7}', '[]', null, '0', '0', '1', null, '0');
INSERT INTO `properties` VALUES ('13', 'Modern1Apartment', 'Appartement Moderne 1', null, '{\"x\":-784.194,\"y\":323.636,\"z\":210.997}', '{\"x\":-779.751,\"y\":323.385,\"z\":210.997}', null, '[\"apa_v_mp_h_01_a\"]', 'MiltonDrive', '0', '1', '0', '{\"x\":-766.661,\"y\":327.672,\"z\":210.396}', '1300000');
INSERT INTO `properties` VALUES ('14', 'Modern2Apartment', 'Appartement Moderne 2', null, '{\"x\":-786.8663,\"y\":315.764,\"z\":186.913}', '{\"x\":-781.808,\"y\":315.866,\"z\":186.913}', null, '[\"apa_v_mp_h_01_c\"]', 'MiltonDrive', '0', '1', '0', '{\"x\":-795.735,\"y\":326.757,\"z\":186.313}', '1300000');
INSERT INTO `properties` VALUES ('15', 'Modern3Apartment', 'Appartement Moderne 3', null, '{\"x\":-774.012,\"y\":342.042,\"z\":195.686}', '{\"x\":-779.057,\"y\":342.063,\"z\":195.686}', null, '[\"apa_v_mp_h_01_b\"]', 'MiltonDrive', '0', '1', '0', '{\"x\":-765.386,\"y\":330.782,\"z\":195.08}', '1300000');
INSERT INTO `properties` VALUES ('16', 'Mody1Apartment', 'Appartement Mode 1', null, '{\"x\":-784.194,\"y\":323.636,\"z\":210.997}', '{\"x\":-779.751,\"y\":323.385,\"z\":210.997}', null, '[\"apa_v_mp_h_02_a\"]', 'MiltonDrive', '0', '1', '0', '{\"x\":-766.615,\"y\":327.878,\"z\":210.396}', '1300000');
INSERT INTO `properties` VALUES ('17', 'Mody2Apartment', 'Appartement Mode 2', null, '{\"x\":-786.8663,\"y\":315.764,\"z\":186.913}', '{\"x\":-781.808,\"y\":315.866,\"z\":186.913}', null, '[\"apa_v_mp_h_02_c\"]', 'MiltonDrive', '0', '1', '0', '{\"x\":-795.297,\"y\":327.092,\"z\":186.313}', '1300000');
INSERT INTO `properties` VALUES ('18', 'Mody3Apartment', 'Appartement Mode 3', null, '{\"x\":-774.012,\"y\":342.042,\"z\":195.686}', '{\"x\":-779.057,\"y\":342.063,\"z\":195.686}', null, '[\"apa_v_mp_h_02_b\"]', 'MiltonDrive', '0', '1', '0', '{\"x\":-765.303,\"y\":330.932,\"z\":195.085}', '1300000');
INSERT INTO `properties` VALUES ('19', 'Vibrant1Apartment', 'Appartement Vibrant 1', null, '{\"x\":-784.194,\"y\":323.636,\"z\":210.997}', '{\"x\":-779.751,\"y\":323.385,\"z\":210.997}', null, '[\"apa_v_mp_h_03_a\"]', 'MiltonDrive', '0', '1', '0', '{\"x\":-765.885,\"y\":327.641,\"z\":210.396}', '1300000');
INSERT INTO `properties` VALUES ('20', 'Vibrant2Apartment', 'Appartement Vibrant 2', null, '{\"x\":-786.8663,\"y\":315.764,\"z\":186.913}', '{\"x\":-781.808,\"y\":315.866,\"z\":186.913}', null, '[\"apa_v_mp_h_03_c\"]', 'MiltonDrive', '0', '1', '0', '{\"x\":-795.607,\"y\":327.344,\"z\":186.313}', '1300000');
INSERT INTO `properties` VALUES ('21', 'Vibrant3Apartment', 'Appartement Vibrant 3', null, '{\"x\":-774.012,\"y\":342.042,\"z\":195.686}', '{\"x\":-779.057,\"y\":342.063,\"z\":195.686}', null, '[\"apa_v_mp_h_03_b\"]', 'MiltonDrive', '0', '1', '0', '{\"x\":-765.525,\"y\":330.851,\"z\":195.085}', '1300000');
INSERT INTO `properties` VALUES ('22', 'Sharp1Apartment', 'Appartement Persan 1', null, '{\"x\":-784.194,\"y\":323.636,\"z\":210.997}', '{\"x\":-779.751,\"y\":323.385,\"z\":210.997}', null, '[\"apa_v_mp_h_04_a\"]', 'MiltonDrive', '0', '1', '0', '{\"x\":-766.527,\"y\":327.89,\"z\":210.396}', '1300000');
INSERT INTO `properties` VALUES ('23', 'Sharp2Apartment', 'Appartement Persan 2', null, '{\"x\":-786.8663,\"y\":315.764,\"z\":186.913}', '{\"x\":-781.808,\"y\":315.866,\"z\":186.913}', null, '[\"apa_v_mp_h_04_c\"]', 'MiltonDrive', '0', '1', '0', '{\"x\":-795.642,\"y\":326.497,\"z\":186.313}', '1300000');
INSERT INTO `properties` VALUES ('24', 'Sharp3Apartment', 'Appartement Persan 3', null, '{\"x\":-774.012,\"y\":342.042,\"z\":195.686}', '{\"x\":-779.057,\"y\":342.063,\"z\":195.686}', null, '[\"apa_v_mp_h_04_b\"]', 'MiltonDrive', '0', '1', '0', '{\"x\":-765.503,\"y\":331.318,\"z\":195.085}', '1300000');
INSERT INTO `properties` VALUES ('25', 'Monochrome1Apartment', 'Appartement Monochrome 1', null, '{\"x\":-784.194,\"y\":323.636,\"z\":210.997}', '{\"x\":-779.751,\"y\":323.385,\"z\":210.997}', null, '[\"apa_v_mp_h_05_a\"]', 'MiltonDrive', '0', '1', '0', '{\"x\":-766.289,\"y\":328.086,\"z\":210.396}', '1300000');
INSERT INTO `properties` VALUES ('26', 'Monochrome2Apartment', 'Appartement Monochrome 2', null, '{\"x\":-786.8663,\"y\":315.764,\"z\":186.913}', '{\"x\":-781.808,\"y\":315.866,\"z\":186.913}', null, '[\"apa_v_mp_h_05_c\"]', 'MiltonDrive', '0', '1', '0', '{\"x\":-795.692,\"y\":326.762,\"z\":186.313}', '1300000');
INSERT INTO `properties` VALUES ('27', 'Monochrome3Apartment', 'Appartement Monochrome 3', null, '{\"x\":-774.012,\"y\":342.042,\"z\":195.686}', '{\"x\":-779.057,\"y\":342.063,\"z\":195.686}', null, '[\"apa_v_mp_h_05_b\"]', 'MiltonDrive', '0', '1', '0', '{\"x\":-765.094,\"y\":330.976,\"z\":195.085}', '1300000');
INSERT INTO `properties` VALUES ('28', 'Seductive1Apartment', 'Appartement Séduisant 1', null, '{\"x\":-784.194,\"y\":323.636,\"z\":210.997}', '{\"x\":-779.751,\"y\":323.385,\"z\":210.997}', null, '[\"apa_v_mp_h_06_a\"]', 'MiltonDrive', '0', '1', '0', '{\"x\":-766.263,\"y\":328.104,\"z\":210.396}', '1300000');
INSERT INTO `properties` VALUES ('29', 'Seductive2Apartment', 'Appartement Séduisant 2', null, '{\"x\":-786.8663,\"y\":315.764,\"z\":186.913}', '{\"x\":-781.808,\"y\":315.866,\"z\":186.913}', null, '[\"apa_v_mp_h_06_c\"]', 'MiltonDrive', '0', '1', '0', '{\"x\":-795.655,\"y\":326.611,\"z\":186.313}', '1300000');
INSERT INTO `properties` VALUES ('30', 'Seductive3Apartment', 'Appartement Séduisant 3', null, '{\"x\":-774.012,\"y\":342.042,\"z\":195.686}', '{\"x\":-779.057,\"y\":342.063,\"z\":195.686}', null, '[\"apa_v_mp_h_06_b\"]', 'MiltonDrive', '0', '1', '0', '{\"x\":-765.3,\"y\":331.414,\"z\":195.085}', '1300000');
INSERT INTO `properties` VALUES ('31', 'Regal1Apartment', 'Appartement Régal 1', null, '{\"x\":-784.194,\"y\":323.636,\"z\":210.997}', '{\"x\":-779.751,\"y\":323.385,\"z\":210.997}', null, '[\"apa_v_mp_h_07_a\"]', 'MiltonDrive', '0', '1', '0', '{\"x\":-765.956,\"y\":328.257,\"z\":210.396}', '1300000');
INSERT INTO `properties` VALUES ('32', 'Regal2Apartment', 'Appartement Régal 2', null, '{\"x\":-786.8663,\"y\":315.764,\"z\":186.913}', '{\"x\":-781.808,\"y\":315.866,\"z\":186.913}', null, '[\"apa_v_mp_h_07_c\"]', 'MiltonDrive', '0', '1', '0', '{\"x\":-795.545,\"y\":326.659,\"z\":186.313}', '1300000');
INSERT INTO `properties` VALUES ('33', 'Regal3Apartment', 'Appartement Régal 3', null, '{\"x\":-774.012,\"y\":342.042,\"z\":195.686}', '{\"x\":-779.057,\"y\":342.063,\"z\":195.686}', null, '[\"apa_v_mp_h_07_b\"]', 'MiltonDrive', '0', '1', '0', '{\"x\":-765.087,\"y\":331.429,\"z\":195.123}', '1300000');
INSERT INTO `properties` VALUES ('34', 'Aqua1Apartment', 'Appartement Aqua 1', null, '{\"x\":-784.194,\"y\":323.636,\"z\":210.997}', '{\"x\":-779.751,\"y\":323.385,\"z\":210.997}', null, '[\"apa_v_mp_h_08_a\"]', 'MiltonDrive', '0', '1', '0', '{\"x\":-766.187,\"y\":328.47,\"z\":210.396}', '1300000');
INSERT INTO `properties` VALUES ('35', 'Aqua2Apartment', 'Appartement Aqua 2', null, '{\"x\":-786.8663,\"y\":315.764,\"z\":186.913}', '{\"x\":-781.808,\"y\":315.866,\"z\":186.913}', null, '[\"apa_v_mp_h_08_c\"]', 'MiltonDrive', '0', '1', '0', '{\"x\":-795.658,\"y\":326.563,\"z\":186.313}', '1300000');
INSERT INTO `properties` VALUES ('36', 'Aqua3Apartment', 'Appartement Aqua 3', null, '{\"x\":-774.012,\"y\":342.042,\"z\":195.686}', '{\"x\":-779.057,\"y\":342.063,\"z\":195.686}', null, '[\"apa_v_mp_h_08_b\"]', 'MiltonDrive', '0', '1', '0', '{\"x\":-765.287,\"y\":331.084,\"z\":195.086}', '1300000');
INSERT INTO `properties` VALUES ('37', 'IntegrityWay', '4 Integrity Way', '{\"x\":-47.804,\"y\":-585.867,\"z\":36.956}', null, null, '{\"x\":-54.178,\"y\":-583.762,\"z\":35.798}', '[]', null, '0', '0', '1', null, '0');
INSERT INTO `properties` VALUES ('38', 'IntegrityWay28', '4 Integrity Way - Apt 28', null, '{\"x\":-31.409,\"y\":-594.927,\"z\":79.03}', '{\"x\":-26.098,\"y\":-596.909,\"z\":79.03}', null, '[]', 'IntegrityWay', '0', '1', '0', '{\"x\":-11.923,\"y\":-597.083,\"z\":78.43}', '1700000');
INSERT INTO `properties` VALUES ('39', 'IntegrityWay30', '4 Integrity Way - Apt 30', null, '{\"x\":-17.702,\"y\":-588.524,\"z\":89.114}', '{\"x\":-16.21,\"y\":-582.569,\"z\":89.114}', null, '[]', 'IntegrityWay', '0', '1', '0', '{\"x\":-26.327,\"y\":-588.384,\"z\":89.123}', '1700000');
INSERT INTO `properties` VALUES ('40', 'DellPerroHeights', 'Dell Perro Heights', '{\"x\":-1447.06,\"y\":-538.28,\"z\":33.74}', null, null, '{\"x\":-1440.022,\"y\":-548.696,\"z\":33.74}', '[]', null, '0', '0', '1', null, '0');
INSERT INTO `properties` VALUES ('41', 'DellPerroHeightst4', 'Dell Perro Heights - Apt 28', null, '{\"x\":-1452.125,\"y\":-540.591,\"z\":73.044}', '{\"x\":-1455.435,\"y\":-535.79,\"z\":73.044}', null, '[]', 'DellPerroHeights', '0', '1', '0', '{\"x\":-1467.058,\"y\":-527.571,\"z\":72.443}', '1700000');
INSERT INTO `properties` VALUES ('42', 'DellPerroHeightst7', 'Dell Perro Heights - Apt 30', null, '{\"x\":-1451.562,\"y\":-523.535,\"z\":55.928}', '{\"x\":-1456.02,\"y\":-519.209,\"z\":55.929}', null, '[]', 'DellPerroHeights', '0', '1', '0', '{\"x\":-1457.026,\"y\":-530.219,\"z\":55.937}', '1700000');
INSERT INTO `properties` VALUES ('43', 'MazeBankBuilding', 'Maze Bank Building', '{\"x\":-79.18,\"y\":-795.92,\"z\":43.35}', null, null, '{\"x\":-72.50,\"y\":-786.92,\"z\":43.40}', '[]', null, '0', '0', '1', null, '0');
INSERT INTO `properties` VALUES ('44', 'OldSpiceWarm', 'Old Spice Warm', null, '{\"x\":-75.69,\"y\":-827.08,\"z\":242.43}', '{\"x\":-75.51,\"y\":-823.90,\"z\":242.43}', null, '[\"ex_dt1_11_office_01a\"]', 'MazeBankBuilding', '0', '1', '0', '{\"x\":-71.81,\"y\":-814.34,\"z\":242.39}', '5000000');
INSERT INTO `properties` VALUES ('45', 'OldSpiceClassical', 'Old Spice Classical', null, '{\"x\":-75.69,\"y\":-827.08,\"z\":242.43}', '{\"x\":-75.51,\"y\":-823.90,\"z\":242.43}', null, '[\"ex_dt1_11_office_01b\"]', 'MazeBankBuilding', '0', '1', '0', '{\"x\":-71.81,\"y\":-814.34,\"z\":242.39}', '5000000');
INSERT INTO `properties` VALUES ('46', 'OldSpiceVintage', 'Old Spice Vintage', null, '{\"x\":-75.69,\"y\":-827.08,\"z\":242.43}', '{\"x\":-75.51,\"y\":-823.90,\"z\":242.43}', null, '[\"ex_dt1_11_office_01c\"]', 'MazeBankBuilding', '0', '1', '0', '{\"x\":-71.81,\"y\":-814.34,\"z\":242.39}', '5000000');
INSERT INTO `properties` VALUES ('47', 'ExecutiveRich', 'Executive Rich', null, '{\"x\":-75.69,\"y\":-827.08,\"z\":242.43}', '{\"x\":-75.51,\"y\":-823.90,\"z\":242.43}', null, '[\"ex_dt1_11_office_02b\"]', 'MazeBankBuilding', '0', '1', '0', '{\"x\":-71.81,\"y\":-814.34,\"z\":242.39}', '5000000');
INSERT INTO `properties` VALUES ('48', 'ExecutiveCool', 'Executive Cool', null, '{\"x\":-75.69,\"y\":-827.08,\"z\":242.43}', '{\"x\":-75.51,\"y\":-823.90,\"z\":242.43}', null, '[\"ex_dt1_11_office_02c\"]', 'MazeBankBuilding', '0', '1', '0', '{\"x\":-71.81,\"y\":-814.34,\"z\":242.39}', '5000000');
INSERT INTO `properties` VALUES ('49', 'ExecutiveContrast', 'Executive Contrast', null, '{\"x\":-75.69,\"y\":-827.08,\"z\":242.43}', '{\"x\":-75.51,\"y\":-823.90,\"z\":242.43}', null, '[\"ex_dt1_11_office_02a\"]', 'MazeBankBuilding', '0', '1', '0', '{\"x\":-71.81,\"y\":-814.34,\"z\":242.39}', '5000000');
INSERT INTO `properties` VALUES ('50', 'PowerBrokerIce', 'Power Broker Ice', null, '{\"x\":-75.69,\"y\":-827.08,\"z\":242.43}', '{\"x\":-75.51,\"y\":-823.90,\"z\":242.43}', null, '[\"ex_dt1_11_office_03a\"]', 'MazeBankBuilding', '0', '1', '0', '{\"x\":-71.81,\"y\":-814.34,\"z\":242.39}', '5000000');
INSERT INTO `properties` VALUES ('51', 'PowerBrokerConservative', 'Power Broker Conservative', null, '{\"x\":-75.69,\"y\":-827.08,\"z\":242.43}', '{\"x\":-75.51,\"y\":-823.90,\"z\":242.43}', null, '[\"ex_dt1_11_office_03b\"]', 'MazeBankBuilding', '0', '1', '0', '{\"x\":-71.81,\"y\":-814.34,\"z\":242.39}', '5000000');
INSERT INTO `properties` VALUES ('52', 'PowerBrokerPolished', 'Power Broker Polished', null, '{\"x\":-75.69,\"y\":-827.08,\"z\":242.43}', '{\"x\":-75.51,\"y\":-823.90,\"z\":242.43}', null, '[\"ex_dt1_11_office_03c\"]', 'MazeBankBuilding', '0', '1', '0', '{\"x\":-71.81,\"y\":-814.34,\"z\":242.39}', '5000000');
INSERT INTO `properties` VALUES ('53', 'LomBank', 'Lom Bank', '{\"x\":-1581.36,\"y\":-558.23,\"z\":34.07}', null, null, '{\"x\":-1583.60,\"y\":-555.12,\"z\":34.07}', '[]', null, '0', '0', '1', null, '0');
INSERT INTO `properties` VALUES ('54', 'LBOldSpiceWarm', 'LB Old Spice Warm', null, '{\"x\":-1579.53,\"y\":-564.89,\"z\":107.62}', '{\"x\":-1576.42,\"y\":-567.57,\"z\":107.62}', null, '[\"ex_sm_13_office_01a\"]', 'LomBank', '0', '1', '0', '{\"x\":-1571.26,\"y\":-575.76,\"z\":107.52}', '3500000');
INSERT INTO `properties` VALUES ('55', 'LBOldSpiceClassical', 'LB Old Spice Classical', null, '{\"x\":-1579.53,\"y\":-564.89,\"z\":107.62}', '{\"x\":-1576.42,\"y\":-567.57,\"z\":107.62}', null, '[\"ex_sm_13_office_01b\"]', 'LomBank', '0', '1', '0', '{\"x\":-1571.26,\"y\":-575.76,\"z\":107.52}', '3500000');
INSERT INTO `properties` VALUES ('56', 'LBOldSpiceVintage', 'LB Old Spice Vintage', null, '{\"x\":-1579.53,\"y\":-564.89,\"z\":107.62}', '{\"x\":-1576.42,\"y\":-567.57,\"z\":107.62}', null, '[\"ex_sm_13_office_01c\"]', 'LomBank', '0', '1', '0', '{\"x\":-1571.26,\"y\":-575.76,\"z\":107.52}', '3500000');
INSERT INTO `properties` VALUES ('57', 'LBExecutiveRich', 'LB Executive Rich', null, '{\"x\":-1579.53,\"y\":-564.89,\"z\":107.62}', '{\"x\":-1576.42,\"y\":-567.57,\"z\":107.62}', null, '[\"ex_sm_13_office_02b\"]', 'LomBank', '0', '1', '0', '{\"x\":-1571.26,\"y\":-575.76,\"z\":107.52}', '3500000');
INSERT INTO `properties` VALUES ('58', 'LBExecutiveCool', 'LB Executive Cool', null, '{\"x\":-1579.53,\"y\":-564.89,\"z\":107.62}', '{\"x\":-1576.42,\"y\":-567.57,\"z\":107.62}', null, '[\"ex_sm_13_office_02c\"]', 'LomBank', '0', '1', '0', '{\"x\":-1571.26,\"y\":-575.76,\"z\":107.52}', '3500000');
INSERT INTO `properties` VALUES ('59', 'LBExecutiveContrast', 'LB Executive Contrast', null, '{\"x\":-1579.53,\"y\":-564.89,\"z\":107.62}', '{\"x\":-1576.42,\"y\":-567.57,\"z\":107.62}', null, '[\"ex_sm_13_office_02a\"]', 'LomBank', '0', '1', '0', '{\"x\":-1571.26,\"y\":-575.76,\"z\":107.52}', '3500000');
INSERT INTO `properties` VALUES ('60', 'LBPowerBrokerIce', 'LB Power Broker Ice', null, '{\"x\":-1579.53,\"y\":-564.89,\"z\":107.62}', '{\"x\":-1576.42,\"y\":-567.57,\"z\":107.62}', null, '[\"ex_sm_13_office_03a\"]', 'LomBank', '0', '1', '0', '{\"x\":-1571.26,\"y\":-575.76,\"z\":107.52}', '3500000');
INSERT INTO `properties` VALUES ('61', 'LBPowerBrokerConservative', 'LB Power Broker Conservative', null, '{\"x\":-1579.53,\"y\":-564.89,\"z\":107.62}', '{\"x\":-1576.42,\"y\":-567.57,\"z\":107.62}', null, '[\"ex_sm_13_office_03b\"]', 'LomBank', '0', '1', '0', '{\"x\":-1571.26,\"y\":-575.76,\"z\":107.52}', '3500000');
INSERT INTO `properties` VALUES ('62', 'LBPowerBrokerPolished', 'LB Power Broker Polished', null, '{\"x\":-1579.53,\"y\":-564.89,\"z\":107.62}', '{\"x\":-1576.42,\"y\":-567.57,\"z\":107.62}', null, '[\"ex_sm_13_office_03c\"]', 'LomBank', '0', '1', '0', '{\"x\":-1571.26,\"y\":-575.76,\"z\":107.52}', '3500000');
INSERT INTO `properties` VALUES ('63', 'MazeBankWest', 'Maze Bank West', '{\"x\":-1379.58,\"y\":-499.63,\"z\":32.22}', null, null, '{\"x\":-1378.95,\"y\":-502.82,\"z\":32.22}', '[]', null, '0', '0', '1', null, '0');
INSERT INTO `properties` VALUES ('64', 'MBWOldSpiceWarm', 'MBW Old Spice Warm', null, '{\"x\":-1392.74,\"y\":-480.18,\"z\":71.14}', '{\"x\":-1389.43,\"y\":-479.01,\"z\":71.14}', null, '[\"ex_sm_15_office_01a\"]', 'MazeBankWest', '0', '1', '0', '{\"x\":-1390.76,\"y\":-479.22,\"z\":72.04}', '2700000');
INSERT INTO `properties` VALUES ('65', 'MBWOldSpiceClassical', 'MBW Old Spice Classical', null, '{\"x\":-1392.74,\"y\":-480.18,\"z\":71.14}', '{\"x\":-1389.43,\"y\":-479.01,\"z\":71.14}', null, '[\"ex_sm_15_office_01b\"]', 'MazeBankWest', '0', '1', '0', '{\"x\":-1390.76,\"y\":-479.22,\"z\":72.04}', '2700000');
INSERT INTO `properties` VALUES ('66', 'MBWOldSpiceVintage', 'MBW Old Spice Vintage', null, '{\"x\":-1392.74,\"y\":-480.18,\"z\":71.14}', '{\"x\":-1389.43,\"y\":-479.01,\"z\":71.14}', null, '[\"ex_sm_15_office_01c\"]', 'MazeBankWest', '0', '1', '0', '{\"x\":-1390.76,\"y\":-479.22,\"z\":72.04}', '2700000');
INSERT INTO `properties` VALUES ('67', 'MBWExecutiveRich', 'MBW Executive Rich', null, '{\"x\":-1392.74,\"y\":-480.18,\"z\":71.14}', '{\"x\":-1389.43,\"y\":-479.01,\"z\":71.14}', null, '[\"ex_sm_15_office_02b\"]', 'MazeBankWest', '0', '1', '0', '{\"x\":-1390.76,\"y\":-479.22,\"z\":72.04}', '2700000');
INSERT INTO `properties` VALUES ('68', 'MBWExecutiveCool', 'MBW Executive Cool', null, '{\"x\":-1392.74,\"y\":-480.18,\"z\":71.14}', '{\"x\":-1389.43,\"y\":-479.01,\"z\":71.14}', null, '[\"ex_sm_15_office_02c\"]', 'MazeBankWest', '0', '1', '0', '{\"x\":-1390.76,\"y\":-479.22,\"z\":72.04}', '2700000');
INSERT INTO `properties` VALUES ('69', 'MBWExecutive Contrast', 'MBW Executive Contrast', null, '{\"x\":-1392.74,\"y\":-480.18,\"z\":71.14}', '{\"x\":-1389.43,\"y\":-479.01,\"z\":71.14}', null, '[\"ex_sm_15_office_02a\"]', 'MazeBankWest', '0', '1', '0', '{\"x\":-1390.76,\"y\":-479.22,\"z\":72.04}', '2700000');
INSERT INTO `properties` VALUES ('70', 'MBWPowerBrokerIce', 'MBW Power Broker Ice', null, '{\"x\":-1392.74,\"y\":-480.18,\"z\":71.14}', '{\"x\":-1389.43,\"y\":-479.01,\"z\":71.14}', null, '[\"ex_sm_15_office_03a\"]', 'MazeBankWest', '0', '1', '0', '{\"x\":-1390.76,\"y\":-479.22,\"z\":72.04}', '2700000');
INSERT INTO `properties` VALUES ('71', 'MBWPowerBrokerConvservative', 'MBW Power Broker Convservative', null, '{\"x\":-1392.74,\"y\":-480.18,\"z\":71.14}', '{\"x\":-1389.43,\"y\":-479.01,\"z\":71.14}', null, '[\"ex_sm_15_office_03b\"]', 'MazeBankWest', '0', '1', '0', '{\"x\":-1390.76,\"y\":-479.22,\"z\":72.04}', '2700000');
INSERT INTO `properties` VALUES ('72', 'MBWPowerBrokerPolished', 'MBW Power Broker Polished', null, '{\"x\":-1392.74,\"y\":-480.18,\"z\":71.14}', '{\"x\":-1389.43,\"y\":-479.01,\"z\":71.14}', null, '[\"ex_sm_15_office_03c\"]', 'MazeBankWest', '0', '1', '0', '{\"x\":-1390.76,\"y\":-479.22,\"z\":72.04}', '2700000');

-- ----------------------------
-- Table structure for `rented_vehicles`
-- ----------------------------
DROP TABLE IF EXISTS `rented_vehicles`;
CREATE TABLE `rented_vehicles` (
  `vehicle` varchar(60) NOT NULL,
  `plate` varchar(12) NOT NULL,
  `player_name` varchar(255) NOT NULL,
  `base_price` int(11) NOT NULL,
  `rent_price` int(11) NOT NULL,
  `owner` varchar(22) NOT NULL,
  PRIMARY KEY (`plate`)
) ENGINE=InnoDB DEFAULT CHARSET=latin1;

-- ----------------------------
-- Records of rented_vehicles
-- ----------------------------

-- ----------------------------
-- Table structure for `shops`
-- ----------------------------
DROP TABLE IF EXISTS `shops`;
CREATE TABLE `shops` (
  `id` int(11) NOT NULL AUTO_INCREMENT,
  `store` varchar(100) NOT NULL,
  `item` varchar(100) NOT NULL,
  `price` int(11) NOT NULL,
  PRIMARY KEY (`id`)
) ENGINE=InnoDB AUTO_INCREMENT=7 DEFAULT CHARSET=latin1;

-- ----------------------------
-- Records of shops
-- ----------------------------
INSERT INTO `shops` VALUES ('1', 'TwentyFourSeven', 'bread', '30');
INSERT INTO `shops` VALUES ('2', 'TwentyFourSeven', 'water', '15');
INSERT INTO `shops` VALUES ('3', 'RobsLiquor', 'bread', '30');
INSERT INTO `shops` VALUES ('4', 'RobsLiquor', 'water', '15');
INSERT INTO `shops` VALUES ('5', 'LTDgasoline', 'bread', '30');
INSERT INTO `shops` VALUES ('6', 'LTDgasoline', 'water', '15');

-- ----------------------------
-- Table structure for `society_moneywash`
-- ----------------------------
DROP TABLE IF EXISTS `society_moneywash`;
CREATE TABLE `society_moneywash` (
  `id` int(11) NOT NULL AUTO_INCREMENT,
  `identifier` varchar(60) NOT NULL,
  `society` varchar(60) NOT NULL,
  `amount` int(11) NOT NULL,
  PRIMARY KEY (`id`)
) ENGINE=InnoDB DEFAULT CHARSET=latin1;

-- ----------------------------
-- Records of society_moneywash
-- ----------------------------

-- ----------------------------
-- Table structure for `users`
-- ----------------------------
DROP TABLE IF EXISTS `users`;
CREATE TABLE `users` (
  `id` int(11) NOT NULL AUTO_INCREMENT,
  `identifier` varchar(50) COLLATE utf8mb4_bin NOT NULL,
  `license` varchar(50) COLLATE utf8mb4_bin DEFAULT NULL,
  `money` int(11) DEFAULT NULL,
  `name` varchar(255) COLLATE utf8mb4_bin DEFAULT '',
  `skin` longtext COLLATE utf8mb4_bin,
  `job` varchar(255) COLLATE utf8mb4_bin DEFAULT 'unemployed',
  `job_grade` int(11) DEFAULT '0',
  `loadout` longtext COLLATE utf8mb4_bin,
  `position` varchar(255) COLLATE utf8mb4_bin DEFAULT NULL,
  `bank` int(11) DEFAULT NULL,
  `permission_level` int(11) DEFAULT NULL,
  `group` varchar(50) COLLATE utf8mb4_bin DEFAULT NULL,
  `phone_number` int(11) DEFAULT NULL,
  `status` longtext COLLATE utf8mb4_bin,
  `is_dead` tinyint(1) DEFAULT '0',
  `firstname` varchar(50) COLLATE utf8mb4_bin DEFAULT '',
  `lastname` varchar(50) COLLATE utf8mb4_bin DEFAULT '',
  `dateofbirth` varchar(25) COLLATE utf8mb4_bin DEFAULT '',
  `sex` varchar(10) COLLATE utf8mb4_bin DEFAULT '',
  `height` varchar(5) COLLATE utf8mb4_bin DEFAULT '',
  `last_property` varchar(255) COLLATE utf8mb4_bin DEFAULT NULL,
  PRIMARY KEY (`id`),
  UNIQUE KEY `index_users_phone_number` (`phone_number`)
) ENGINE=InnoDB DEFAULT CHARSET=utf8mb4 COLLATE=utf8mb4_bin;

-- ----------------------------
-- Records of users
-- ----------------------------

-- ----------------------------
-- Table structure for `user_accounts`
-- ----------------------------
DROP TABLE IF EXISTS `user_accounts`;
CREATE TABLE `user_accounts` (
  `id` int(11) NOT NULL AUTO_INCREMENT,
  `identifier` varchar(255) COLLATE utf8_bin NOT NULL,
  `name` varchar(255) COLLATE utf8_bin NOT NULL,
  `money` double NOT NULL DEFAULT '0',
  PRIMARY KEY (`id`)
) ENGINE=InnoDB AUTO_INCREMENT=2 DEFAULT CHARSET=utf8 COLLATE=utf8_bin;

-- ----------------------------
-- Records of user_accounts
-- ----------------------------
INSERT INTO `user_accounts` VALUES ('1', 'steam:110000108655305', 'black_money', '0');

-- ----------------------------
-- Table structure for `user_contacts`
-- ----------------------------
DROP TABLE IF EXISTS `user_contacts`;
CREATE TABLE `user_contacts` (
  `id` int(11) NOT NULL AUTO_INCREMENT,
  `identifier` varchar(22) NOT NULL,
  `name` varchar(100) NOT NULL,
  `number` int(11) NOT NULL,
  PRIMARY KEY (`id`),
  KEY `index_user_contacts_identifier_name_number` (`identifier`,`name`,`number`)
) ENGINE=InnoDB DEFAULT CHARSET=latin1;

-- ----------------------------
-- Records of user_contacts
-- ----------------------------

-- ----------------------------
-- Table structure for `user_inventory`
-- ----------------------------
DROP TABLE IF EXISTS `user_inventory`;
CREATE TABLE `user_inventory` (
  `id` int(11) NOT NULL AUTO_INCREMENT,
  `identifier` varchar(255) COLLATE utf8_bin NOT NULL,
  `item` varchar(255) COLLATE utf8_bin NOT NULL,
  `count` int(11) NOT NULL,
  PRIMARY KEY (`id`),
  KEY `user_inventory_ident_item` (`identifier`,`item`)
) ENGINE=InnoDB AUTO_INCREMENT=13 DEFAULT CHARSET=utf8 COLLATE=utf8_bin;

-- ----------------------------
-- Records of user_inventory
-- ----------------------------
INSERT INTO `user_inventory` VALUES ('1', 'steam:110000108655305', 'fixkit', '0');
INSERT INTO `user_inventory` VALUES ('2', 'steam:110000108655305', 'carotool', '0');
INSERT INTO `user_inventory` VALUES ('3', 'steam:110000108655305', 'medikit', '0');
INSERT INTO `user_inventory` VALUES ('4', 'steam:110000108655305', 'blowpipe', '0');
INSERT INTO `user_inventory` VALUES ('5', 'steam:110000108655305', 'fixtool', '0');
INSERT INTO `user_inventory` VALUES ('6', 'steam:110000108655305', 'carokit', '0');
INSERT INTO `user_inventory` VALUES ('7', 'steam:110000108655305', 'marijuana', '0');
INSERT INTO `user_inventory` VALUES ('8', 'steam:110000108655305', 'gazbottle', '0');
INSERT INTO `user_inventory` VALUES ('9', 'steam:110000108655305', 'cannabis', '0');
INSERT INTO `user_inventory` VALUES ('10', 'steam:110000108655305', 'bandage', '0');
INSERT INTO `user_inventory` VALUES ('11', 'steam:110000108655305', 'bread', '0');
INSERT INTO `user_inventory` VALUES ('12', 'steam:110000108655305', 'water', '0');

-- ----------------------------
-- Table structure for `user_licenses`
-- ----------------------------
DROP TABLE IF EXISTS `user_licenses`;
CREATE TABLE `user_licenses` (
  `id` int(11) NOT NULL AUTO_INCREMENT,
  `type` varchar(60) NOT NULL,
  `owner` varchar(60) NOT NULL,
  PRIMARY KEY (`id`)
) ENGINE=InnoDB DEFAULT CHARSET=latin1;

-- ----------------------------
-- Records of user_licenses
-- ----------------------------

-- ----------------------------
-- Table structure for `vehicles`
-- ----------------------------
DROP TABLE IF EXISTS `vehicles`;
CREATE TABLE `vehicles` (
  `name` varchar(60) NOT NULL,
  `model` varchar(60) NOT NULL,
  `price` int(11) NOT NULL,
  `category` varchar(60) DEFAULT NULL,
  PRIMARY KEY (`model`)
) ENGINE=InnoDB DEFAULT CHARSET=latin1;

-- ----------------------------
-- Records of vehicles
-- ----------------------------
INSERT INTO `vehicles` VALUES ('Adder', 'adder', '900000', 'super');
INSERT INTO `vehicles` VALUES ('Akuma', 'AKUMA', '7500', 'motorcycles');
INSERT INTO `vehicles` VALUES ('Alpha', 'alpha', '60000', 'sports');
INSERT INTO `vehicles` VALUES ('Ardent', 'ardent', '1150000', 'sportsclassics');
INSERT INTO `vehicles` VALUES ('Asea', 'asea', '5500', 'sedans');
INSERT INTO `vehicles` VALUES ('Autarch', 'autarch', '1955000', 'super');
INSERT INTO `vehicles` VALUES ('Avarus', 'avarus', '18000', 'motorcycles');
INSERT INTO `vehicles` VALUES ('Bagger', 'bagger', '13500', 'motorcycles');
INSERT INTO `vehicles` VALUES ('Baller', 'baller2', '40000', 'suvs');
INSERT INTO `vehicles` VALUES ('Baller Sport', 'baller3', '60000', 'suvs');
INSERT INTO `vehicles` VALUES ('Banshee', 'banshee', '70000', 'sports');
INSERT INTO `vehicles` VALUES ('Banshee 900R', 'banshee2', '255000', 'super');
INSERT INTO `vehicles` VALUES ('Bati 801', 'bati', '12000', 'motorcycles');
INSERT INTO `vehicles` VALUES ('Bati 801RR', 'bati2', '19000', 'motorcycles');
INSERT INTO `vehicles` VALUES ('Bestia GTS', 'bestiagts', '55000', 'sports');
INSERT INTO `vehicles` VALUES ('BF400', 'bf400', '6500', 'motorcycles');
INSERT INTO `vehicles` VALUES ('Bf Injection', 'bfinjection', '16000', 'offroad');
INSERT INTO `vehicles` VALUES ('Bifta', 'bifta', '12000', 'offroad');
INSERT INTO `vehicles` VALUES ('Bison', 'bison', '45000', 'vans');
INSERT INTO `vehicles` VALUES ('Blade', 'blade', '15000', 'muscle');
INSERT INTO `vehicles` VALUES ('Blazer', 'blazer', '6500', 'offroad');
INSERT INTO `vehicles` VALUES ('Blazer Sport', 'blazer4', '8500', 'offroad');
INSERT INTO `vehicles` VALUES ('blazer5', 'blazer5', '1755600', 'offroad');
INSERT INTO `vehicles` VALUES ('Blista', 'blista', '8000', 'compacts');
INSERT INTO `vehicles` VALUES ('BMX (velo)', 'bmx', '160', 'motorcycles');
INSERT INTO `vehicles` VALUES ('Bobcat XL', 'bobcatxl', '32000', 'vans');
INSERT INTO `vehicles` VALUES ('Brawler', 'brawler', '45000', 'offroad');
INSERT INTO `vehicles` VALUES ('Brioso R/A', 'brioso', '18000', 'compacts');
INSERT INTO `vehicles` VALUES ('Btype', 'btype', '62000', 'sportsclassics');
INSERT INTO `vehicles` VALUES ('Btype Hotroad', 'btype2', '155000', 'sportsclassics');
INSERT INTO `vehicles` VALUES ('Btype Luxe', 'btype3', '85000', 'sportsclassics');
INSERT INTO `vehicles` VALUES ('Buccaneer', 'buccaneer', '18000', 'muscle');
INSERT INTO `vehicles` VALUES ('Buccaneer Rider', 'buccaneer2', '24000', 'muscle');
INSERT INTO `vehicles` VALUES ('Buffalo', 'buffalo', '12000', 'sports');
INSERT INTO `vehicles` VALUES ('Buffalo S', 'buffalo2', '20000', 'sports');
INSERT INTO `vehicles` VALUES ('Bullet', 'bullet', '90000', 'super');
INSERT INTO `vehicles` VALUES ('Burrito', 'burrito3', '19000', 'vans');
INSERT INTO `vehicles` VALUES ('Camper', 'camper', '42000', 'vans');
INSERT INTO `vehicles` VALUES ('Carbonizzare', 'carbonizzare', '75000', 'sports');
INSERT INTO `vehicles` VALUES ('Carbon RS', 'carbonrs', '18000', 'motorcycles');
INSERT INTO `vehicles` VALUES ('Casco', 'casco', '30000', 'sportsclassics');
INSERT INTO `vehicles` VALUES ('Cavalcade', 'cavalcade2', '55000', 'suvs');
INSERT INTO `vehicles` VALUES ('Cheetah', 'cheetah', '375000', 'super');
INSERT INTO `vehicles` VALUES ('Chimera', 'chimera', '38000', 'motorcycles');
INSERT INTO `vehicles` VALUES ('Chino', 'chino', '15000', 'muscle');
INSERT INTO `vehicles` VALUES ('Chino Luxe', 'chino2', '19000', 'muscle');
INSERT INTO `vehicles` VALUES ('Cliffhanger', 'cliffhanger', '9500', 'motorcycles');
INSERT INTO `vehicles` VALUES ('Cognoscenti Cabrio', 'cogcabrio', '55000', 'coupes');
INSERT INTO `vehicles` VALUES ('Cognoscenti', 'cognoscenti', '55000', 'sedans');
INSERT INTO `vehicles` VALUES ('Comet', 'comet2', '65000', 'sports');
INSERT INTO `vehicles` VALUES ('Comet 5', 'comet5', '1145000', 'sports');
INSERT INTO `vehicles` VALUES ('Contender', 'contender', '70000', 'suvs');
INSERT INTO `vehicles` VALUES ('Coquette', 'coquette', '65000', 'sports');
INSERT INTO `vehicles` VALUES ('Coquette Classic', 'coquette2', '40000', 'sportsclassics');
INSERT INTO `vehicles` VALUES ('Coquette BlackFin', 'coquette3', '55000', 'muscle');
INSERT INTO `vehicles` VALUES ('Cruiser (velo)', 'cruiser', '510', 'motorcycles');
INSERT INTO `vehicles` VALUES ('Cyclone', 'cyclone', '1890000', 'super');
INSERT INTO `vehicles` VALUES ('Daemon', 'daemon', '11500', 'motorcycles');
INSERT INTO `vehicles` VALUES ('Daemon High', 'daemon2', '13500', 'motorcycles');
INSERT INTO `vehicles` VALUES ('Defiler', 'defiler', '9800', 'motorcycles');
INSERT INTO `vehicles` VALUES ('Deluxo', 'deluxo', '4721500', 'sportsclassics');
INSERT INTO `vehicles` VALUES ('Dominator', 'dominator', '35000', 'muscle');
INSERT INTO `vehicles` VALUES ('Double T', 'double', '28000', 'motorcycles');
INSERT INTO `vehicles` VALUES ('Dubsta', 'dubsta', '45000', 'suvs');
INSERT INTO `vehicles` VALUES ('Dubsta Luxuary', 'dubsta2', '60000', 'suvs');
INSERT INTO `vehicles` VALUES ('Bubsta 6x6', 'dubsta3', '120000', 'offroad');
INSERT INTO `vehicles` VALUES ('Dukes', 'dukes', '28000', 'muscle');
INSERT INTO `vehicles` VALUES ('Dune Buggy', 'dune', '8000', 'offroad');
INSERT INTO `vehicles` VALUES ('Elegy', 'elegy2', '38500', 'sports');
INSERT INTO `vehicles` VALUES ('Emperor', 'emperor', '8500', 'sedans');
INSERT INTO `vehicles` VALUES ('Enduro', 'enduro', '5500', 'motorcycles');
INSERT INTO `vehicles` VALUES ('Entity XF', 'entityxf', '425000', 'super');
INSERT INTO `vehicles` VALUES ('Esskey', 'esskey', '4200', 'motorcycles');
INSERT INTO `vehicles` VALUES ('Exemplar', 'exemplar', '32000', 'coupes');
INSERT INTO `vehicles` VALUES ('F620', 'f620', '40000', 'coupes');
INSERT INTO `vehicles` VALUES ('Faction', 'faction', '20000', 'muscle');
INSERT INTO `vehicles` VALUES ('Faction Rider', 'faction2', '30000', 'muscle');
INSERT INTO `vehicles` VALUES ('Faction XL', 'faction3', '40000', 'muscle');
INSERT INTO `vehicles` VALUES ('Faggio', 'faggio', '1900', 'motorcycles');
INSERT INTO `vehicles` VALUES ('Vespa', 'faggio2', '2800', 'motorcycles');
INSERT INTO `vehicles` VALUES ('Felon', 'felon', '42000', 'coupes');
INSERT INTO `vehicles` VALUES ('Felon GT', 'felon2', '55000', 'coupes');
INSERT INTO `vehicles` VALUES ('Feltzer', 'feltzer2', '55000', 'sports');
INSERT INTO `vehicles` VALUES ('Stirling GT', 'feltzer3', '65000', 'sportsclassics');
INSERT INTO `vehicles` VALUES ('Fixter (velo)', 'fixter', '225', 'motorcycles');
INSERT INTO `vehicles` VALUES ('FMJ', 'fmj', '185000', 'super');
INSERT INTO `vehicles` VALUES ('Fhantom', 'fq2', '17000', 'suvs');
INSERT INTO `vehicles` VALUES ('Fugitive', 'fugitive', '12000', 'sedans');
INSERT INTO `vehicles` VALUES ('Furore GT', 'furoregt', '45000', 'sports');
INSERT INTO `vehicles` VALUES ('Fusilade', 'fusilade', '40000', 'sports');
INSERT INTO `vehicles` VALUES ('Gargoyle', 'gargoyle', '16500', 'motorcycles');
INSERT INTO `vehicles` VALUES ('Gauntlet', 'gauntlet', '30000', 'muscle');
INSERT INTO `vehicles` VALUES ('Gang Burrito', 'gburrito', '45000', 'vans');
INSERT INTO `vehicles` VALUES ('Burrito', 'gburrito2', '29000', 'vans');
INSERT INTO `vehicles` VALUES ('Glendale', 'glendale', '6500', 'sedans');
INSERT INTO `vehicles` VALUES ('Grabger', 'granger', '50000', 'suvs');
INSERT INTO `vehicles` VALUES ('Gresley', 'gresley', '47500', 'suvs');
INSERT INTO `vehicles` VALUES ('GT 500', 'gt500', '785000', 'sportsclassics');
INSERT INTO `vehicles` VALUES ('Guardian', 'guardian', '45000', 'offroad');
INSERT INTO `vehicles` VALUES ('Hakuchou', 'hakuchou', '31000', 'motorcycles');
INSERT INTO `vehicles` VALUES ('Hakuchou Sport', 'hakuchou2', '55000', 'motorcycles');
INSERT INTO `vehicles` VALUES ('Hermes', 'hermes', '535000', 'muscle');
INSERT INTO `vehicles` VALUES ('Hexer', 'hexer', '12000', 'motorcycles');
INSERT INTO `vehicles` VALUES ('Hotknife', 'hotknife', '125000', 'muscle');
INSERT INTO `vehicles` VALUES ('Huntley S', 'huntley', '40000', 'suvs');
INSERT INTO `vehicles` VALUES ('Hustler', 'hustler', '625000', 'muscle');
INSERT INTO `vehicles` VALUES ('Infernus', 'infernus', '180000', 'super');
INSERT INTO `vehicles` VALUES ('Innovation', 'innovation', '23500', 'motorcycles');
INSERT INTO `vehicles` VALUES ('Intruder', 'intruder', '7500', 'sedans');
INSERT INTO `vehicles` VALUES ('Issi', 'issi2', '10000', 'compacts');
INSERT INTO `vehicles` VALUES ('Jackal', 'jackal', '38000', 'coupes');
INSERT INTO `vehicles` VALUES ('Jester', 'jester', '65000', 'sports');
INSERT INTO `vehicles` VALUES ('Jester(Racecar)', 'jester2', '135000', 'sports');
INSERT INTO `vehicles` VALUES ('Journey', 'journey', '6500', 'vans');
INSERT INTO `vehicles` VALUES ('Kamacho', 'kamacho', '345000', 'offroad');
INSERT INTO `vehicles` VALUES ('Khamelion', 'khamelion', '38000', 'sports');
INSERT INTO `vehicles` VALUES ('Kuruma', 'kuruma', '30000', 'sports');
INSERT INTO `vehicles` VALUES ('Landstalker', 'landstalker', '35000', 'suvs');
INSERT INTO `vehicles` VALUES ('RE-7B', 'le7b', '325000', 'super');
INSERT INTO `vehicles` VALUES ('Lynx', 'lynx', '40000', 'sports');
INSERT INTO `vehicles` VALUES ('Mamba', 'mamba', '70000', 'sports');
INSERT INTO `vehicles` VALUES ('Manana', 'manana', '12800', 'sportsclassics');
INSERT INTO `vehicles` VALUES ('Manchez', 'manchez', '5300', 'motorcycles');
INSERT INTO `vehicles` VALUES ('Massacro', 'massacro', '65000', 'sports');
INSERT INTO `vehicles` VALUES ('Massacro(Racecar)', 'massacro2', '130000', 'sports');
INSERT INTO `vehicles` VALUES ('Mesa', 'mesa', '16000', 'suvs');
INSERT INTO `vehicles` VALUES ('Mesa Trail', 'mesa3', '40000', 'suvs');
INSERT INTO `vehicles` VALUES ('Minivan', 'minivan', '13000', 'vans');
INSERT INTO `vehicles` VALUES ('Monroe', 'monroe', '55000', 'sportsclassics');
INSERT INTO `vehicles` VALUES ('The Liberator', 'monster', '210000', 'offroad');
INSERT INTO `vehicles` VALUES ('Moonbeam', 'moonbeam', '18000', 'vans');
INSERT INTO `vehicles` VALUES ('Moonbeam Rider', 'moonbeam2', '35000', 'vans');
INSERT INTO `vehicles` VALUES ('Nemesis', 'nemesis', '5800', 'motorcycles');
INSERT INTO `vehicles` VALUES ('Neon', 'neon', '1500000', 'sports');
INSERT INTO `vehicles` VALUES ('Nightblade', 'nightblade', '35000', 'motorcycles');
INSERT INTO `vehicles` VALUES ('Nightshade', 'nightshade', '65000', 'muscle');
INSERT INTO `vehicles` VALUES ('9F', 'ninef', '65000', 'sports');
INSERT INTO `vehicles` VALUES ('9F Cabrio', 'ninef2', '80000', 'sports');
INSERT INTO `vehicles` VALUES ('Omnis', 'omnis', '35000', 'sports');
INSERT INTO `vehicles` VALUES ('Oppressor', 'oppressor', '3524500', 'super');
INSERT INTO `vehicles` VALUES ('Oracle XS', 'oracle2', '35000', 'coupes');
INSERT INTO `vehicles` VALUES ('Osiris', 'osiris', '160000', 'super');
INSERT INTO `vehicles` VALUES ('Panto', 'panto', '10000', 'compacts');
INSERT INTO `vehicles` VALUES ('Paradise', 'paradise', '19000', 'vans');
INSERT INTO `vehicles` VALUES ('Pariah', 'pariah', '1420000', 'sports');
INSERT INTO `vehicles` VALUES ('Patriot', 'patriot', '55000', 'suvs');
INSERT INTO `vehicles` VALUES ('PCJ-600', 'pcj', '6200', 'motorcycles');
INSERT INTO `vehicles` VALUES ('Penumbra', 'penumbra', '28000', 'sports');
INSERT INTO `vehicles` VALUES ('Pfister', 'pfister811', '85000', 'super');
INSERT INTO `vehicles` VALUES ('Phoenix', 'phoenix', '12500', 'muscle');
INSERT INTO `vehicles` VALUES ('Picador', 'picador', '18000', 'muscle');
INSERT INTO `vehicles` VALUES ('Pigalle', 'pigalle', '20000', 'sportsclassics');
INSERT INTO `vehicles` VALUES ('Prairie', 'prairie', '12000', 'compacts');
INSERT INTO `vehicles` VALUES ('Premier', 'premier', '8000', 'sedans');
INSERT INTO `vehicles` VALUES ('Primo Custom', 'primo2', '14000', 'sedans');
INSERT INTO `vehicles` VALUES ('X80 Proto', 'prototipo', '2500000', 'super');
INSERT INTO `vehicles` VALUES ('Radius', 'radi', '29000', 'suvs');
INSERT INTO `vehicles` VALUES ('raiden', 'raiden', '1375000', 'sports');
INSERT INTO `vehicles` VALUES ('Rapid GT', 'rapidgt', '35000', 'sports');
INSERT INTO `vehicles` VALUES ('Rapid GT Convertible', 'rapidgt2', '45000', 'sports');
INSERT INTO `vehicles` VALUES ('Rapid GT3', 'rapidgt3', '885000', 'sportsclassics');
INSERT INTO `vehicles` VALUES ('Reaper', 'reaper', '150000', 'super');
INSERT INTO `vehicles` VALUES ('Rebel', 'rebel2', '35000', 'offroad');
INSERT INTO `vehicles` VALUES ('Regina', 'regina', '5000', 'sedans');
INSERT INTO `vehicles` VALUES ('Retinue', 'retinue', '615000', 'sportsclassics');
INSERT INTO `vehicles` VALUES ('Revolter', 'revolter', '1610000', 'sports');
INSERT INTO `vehicles` VALUES ('riata', 'riata', '380000', 'offroad');
INSERT INTO `vehicles` VALUES ('Rocoto', 'rocoto', '45000', 'suvs');
INSERT INTO `vehicles` VALUES ('Ruffian', 'ruffian', '6800', 'motorcycles');
INSERT INTO `vehicles` VALUES ('Ruiner 2', 'ruiner2', '5745600', 'muscle');
INSERT INTO `vehicles` VALUES ('Rumpo', 'rumpo', '15000', 'vans');
INSERT INTO `vehicles` VALUES ('Rumpo Trail', 'rumpo3', '19500', 'vans');
INSERT INTO `vehicles` VALUES ('Sabre Turbo', 'sabregt', '20000', 'muscle');
INSERT INTO `vehicles` VALUES ('Sabre GT', 'sabregt2', '25000', 'muscle');
INSERT INTO `vehicles` VALUES ('Sanchez', 'sanchez', '5300', 'motorcycles');
INSERT INTO `vehicles` VALUES ('Sanchez Sport', 'sanchez2', '5300', 'motorcycles');
INSERT INTO `vehicles` VALUES ('Sanctus', 'sanctus', '25000', 'motorcycles');
INSERT INTO `vehicles` VALUES ('Sandking', 'sandking', '55000', 'offroad');
INSERT INTO `vehicles` VALUES ('Savestra', 'savestra', '990000', 'sportsclassics');
INSERT INTO `vehicles` VALUES ('SC 1', 'sc1', '1603000', 'super');
INSERT INTO `vehicles` VALUES ('Schafter', 'schafter2', '25000', 'sedans');
INSERT INTO `vehicles` VALUES ('Schafter V12', 'schafter3', '50000', 'sports');
INSERT INTO `vehicles` VALUES ('Scorcher (velo)', 'scorcher', '280', 'motorcycles');
INSERT INTO `vehicles` VALUES ('Seminole', 'seminole', '25000', 'suvs');
INSERT INTO `vehicles` VALUES ('Sentinel', 'sentinel', '32000', 'coupes');
INSERT INTO `vehicles` VALUES ('Sentinel XS', 'sentinel2', '40000', 'coupes');
INSERT INTO `vehicles` VALUES ('Sentinel3', 'sentinel3', '650000', 'sports');
INSERT INTO `vehicles` VALUES ('Seven 70', 'seven70', '39500', 'sports');
INSERT INTO `vehicles` VALUES ('ETR1', 'sheava', '220000', 'super');
INSERT INTO `vehicles` VALUES ('Shotaro Concept', 'shotaro', '320000', 'motorcycles');
INSERT INTO `vehicles` VALUES ('Slam Van', 'slamvan3', '11500', 'muscle');
INSERT INTO `vehicles` VALUES ('Sovereign', 'sovereign', '22000', 'motorcycles');
INSERT INTO `vehicles` VALUES ('Stinger', 'stinger', '80000', 'sportsclassics');
INSERT INTO `vehicles` VALUES ('Stinger GT', 'stingergt', '75000', 'sportsclassics');
INSERT INTO `vehicles` VALUES ('Streiter', 'streiter', '500000', 'sports');
INSERT INTO `vehicles` VALUES ('Stretch', 'stretch', '90000', 'sedans');
INSERT INTO `vehicles` VALUES ('Stromberg', 'stromberg', '3185350', 'sports');
INSERT INTO `vehicles` VALUES ('Sultan', 'sultan', '15000', 'sports');
INSERT INTO `vehicles` VALUES ('Sultan RS', 'sultanrs', '65000', 'super');
INSERT INTO `vehicles` VALUES ('Super Diamond', 'superd', '130000', 'sedans');
INSERT INTO `vehicles` VALUES ('Surano', 'surano', '50000', 'sports');
INSERT INTO `vehicles` VALUES ('Surfer', 'surfer', '12000', 'vans');
INSERT INTO `vehicles` VALUES ('T20', 't20', '300000', 'super');
INSERT INTO `vehicles` VALUES ('Tailgater', 'tailgater', '30000', 'sedans');
INSERT INTO `vehicles` VALUES ('Tampa', 'tampa', '16000', 'muscle');
INSERT INTO `vehicles` VALUES ('Drift Tampa', 'tampa2', '80000', 'sports');
INSERT INTO `vehicles` VALUES ('Thrust', 'thrust', '24000', 'motorcycles');
INSERT INTO `vehicles` VALUES ('Tri bike (velo)', 'tribike3', '520', 'motorcycles');
INSERT INTO `vehicles` VALUES ('Trophy Truck', 'trophytruck', '60000', 'offroad');
INSERT INTO `vehicles` VALUES ('Trophy Truck Limited', 'trophytruck2', '80000', 'offroad');
INSERT INTO `vehicles` VALUES ('Tropos', 'tropos', '40000', 'sports');
INSERT INTO `vehicles` VALUES ('Turismo R', 'turismor', '350000', 'super');
INSERT INTO `vehicles` VALUES ('Tyrus', 'tyrus', '600000', 'super');
INSERT INTO `vehicles` VALUES ('Vacca', 'vacca', '120000', 'super');
INSERT INTO `vehicles` VALUES ('Vader', 'vader', '7200', 'motorcycles');
INSERT INTO `vehicles` VALUES ('Verlierer', 'verlierer2', '70000', 'sports');
INSERT INTO `vehicles` VALUES ('Vigero', 'vigero', '12500', 'muscle');
INSERT INTO `vehicles` VALUES ('Virgo', 'virgo', '14000', 'muscle');
INSERT INTO `vehicles` VALUES ('Viseris', 'viseris', '875000', 'sportsclassics');
INSERT INTO `vehicles` VALUES ('Visione', 'visione', '2250000', 'super');
INSERT INTO `vehicles` VALUES ('Voltic', 'voltic', '90000', 'super');
INSERT INTO `vehicles` VALUES ('Voltic 2', 'voltic2', '3830400', 'super');
INSERT INTO `vehicles` VALUES ('Voodoo', 'voodoo', '7200', 'muscle');
INSERT INTO `vehicles` VALUES ('Vortex', 'vortex', '9800', 'motorcycles');
INSERT INTO `vehicles` VALUES ('Warrener', 'warrener', '4000', 'sedans');
INSERT INTO `vehicles` VALUES ('Washington', 'washington', '9000', 'sedans');
INSERT INTO `vehicles` VALUES ('Windsor', 'windsor', '95000', 'coupes');
INSERT INTO `vehicles` VALUES ('Windsor Drop', 'windsor2', '125000', 'coupes');
INSERT INTO `vehicles` VALUES ('Woflsbane', 'wolfsbane', '9000', 'motorcycles');
INSERT INTO `vehicles` VALUES ('XLS', 'xls', '32000', 'suvs');
INSERT INTO `vehicles` VALUES ('Yosemite', 'yosemite', '485000', 'muscle');
INSERT INTO `vehicles` VALUES ('Youga', 'youga', '10800', 'vans');
INSERT INTO `vehicles` VALUES ('Youga Luxuary', 'youga2', '14500', 'vans');
INSERT INTO `vehicles` VALUES ('Z190', 'z190', '900000', 'sportsclassics');
INSERT INTO `vehicles` VALUES ('Zentorno', 'zentorno', '1500000', 'super');
INSERT INTO `vehicles` VALUES ('Zion', 'zion', '36000', 'coupes');
INSERT INTO `vehicles` VALUES ('Zion Cabrio', 'zion2', '45000', 'coupes');
INSERT INTO `vehicles` VALUES ('Zombie', 'zombiea', '9500', 'motorcycles');
INSERT INTO `vehicles` VALUES ('Zombie Luxuary', 'zombieb', '12000', 'motorcycles');
INSERT INTO `vehicles` VALUES ('Z-Type', 'ztype', '220000', 'sportsclassics');

-- ----------------------------
-- Table structure for `vehicle_categories`
-- ----------------------------
DROP TABLE IF EXISTS `vehicle_categories`;
CREATE TABLE `vehicle_categories` (
  `name` varchar(60) NOT NULL,
  `label` varchar(60) NOT NULL,
  PRIMARY KEY (`name`)
) ENGINE=InnoDB DEFAULT CHARSET=latin1;

-- ----------------------------
-- Records of vehicle_categories
-- ----------------------------
INSERT INTO `vehicle_categories` VALUES ('compacts', 'Compacts');
INSERT INTO `vehicle_categories` VALUES ('coupes', 'Coupés');
INSERT INTO `vehicle_categories` VALUES ('motorcycles', 'Motos');
INSERT INTO `vehicle_categories` VALUES ('muscle', 'Muscle');
INSERT INTO `vehicle_categories` VALUES ('offroad', 'Off Road');
INSERT INTO `vehicle_categories` VALUES ('sedans', 'Sedans');
INSERT INTO `vehicle_categories` VALUES ('sports', 'Sports');
INSERT INTO `vehicle_categories` VALUES ('sportsclassics', 'Sports Classics');
INSERT INTO `vehicle_categories` VALUES ('super', 'Super');
INSERT INTO `vehicle_categories` VALUES ('suvs', 'SUVs');
INSERT INTO `vehicle_categories` VALUES ('vans', 'Vans');

-- ----------------------------
-- Table structure for `vehicle_sold`
-- ----------------------------
DROP TABLE IF EXISTS `vehicle_sold`;
CREATE TABLE `vehicle_sold` (
  `client` varchar(50) NOT NULL,
  `model` varchar(50) NOT NULL,
  `plate` varchar(50) NOT NULL,
  `soldby` varchar(50) NOT NULL,
  `date` varchar(50) NOT NULL,
  PRIMARY KEY (`plate`)
) ENGINE=InnoDB DEFAULT CHARSET=latin1;

-- ----------------------------
-- Records of vehicle_sold
-- ----------------------------
